Author,Biblio,Transcript,Sequence,Text,invivo,chronology,people,places,comment,footing (IM),a) self-affirmation,b) devotion,c) world-affirmation,d) idealism,PC,invivo,TH code,chronology,people,places,dimension,performative interval,social category,proposition,clonclusion,,Framework of argumentation (universal/particular),(values ascribed to arguments),Premises of argumentation,Technique of argumentation,"Truth, facts, presumptions","Link to events, environment","Values, hierarchies of values, loci","Link to background, culture",,,encounter (Goffman),PC,StoryPoint,Character Building,MC Choices,Plot Choices,Theme Choices,Illustrating,Theme Development,Scene No.
234,143,1,1,Mein Antheil an den Ereignissen des 6. Septembers 1839.,,,,,,justification; ,mein Antheil,,Ereignisse,,,antheil; Ereignss,responsibility; event,,,,individual failure,,leader,U: authority,he has something to say because he was directly responsible,,"citizens of Switzerland incl. Expats (""Schweizerbrüder"")","""Ereignis"" [event] is a notabely neutral term for the ""Putsch"" in comparison to other texts which use ""Crisis"", ""Katastrophe""",,,hew was the leader of the rural movement,march to Zurich,"he wants to be the leader, but he wished a more peaceful event",love for the farmers/people of Pfäffikon; general rejection of violence in biography; contrasts with his passionful temper,,,,,,,,,,,,
234,143,1,2,Ein Wort der Wahrheit an die Schweizerbrüder in der Nähe und Ferne,,,,,,,,Schweizerbrüder,,Wort der Wahrheit; in der Nähe und Ferne,,wahrheit; brüder;,argumentation,,,,,,,L: theory,,,,,,,,,,,,,,,,,,,,,,
234,143,1,3,von Pfarrer Dr. B. Hirzel,,,,,,,,,,,,Pfarrer,,,,,,,,U: authority,,,,,,,,,,,,,,,,,,,,,,
234,143,1,4,"Zürich, gedruckt bei David Bürkli. 1839.",,,,,,,,,,,,Zürich;,,,,Zürich,,,,,,,,,,,,,,,,,,,,,,,,,,
234,143,1,5,VORWORT.,,,,,,,,,,,,,,,,,,,,,,,,,,,,,,,,,,,,,,,,,,
234,143,1,6,"Zwei Gründe haben mich zu nachstehender öffentlichen Erklärung bewogen, vor Allem die Pflicht, der Wahrheit an sich Zeugnis zu geben, welche leider theils durch Unkunde, theils durch Bosheit so sehr mißhandelt wurde, daß sie selbst nach Vergleichung aller bisherigen Berichte, kaum mehr zu erkennen ist, ",,,,,,self-enhancement; remedial; blaring; ,Pflicht,Bosheit (-),Berichte,der Wahrheit Zeugnis; Unkunde,,öffentliche erklärung; wahrheit; pflicht; innerer drang; Gründe,,,,,,,,N: motif,,,,,,,,,,,,,,,,,,,,,,
234,143,1,7,"[-3-] Es wäre höchst überflüssig, die erste Ursach der Volksbewegung im Kanton Zürich noch weitläufig auseinander zu setzen. Dagegen mag es nicht außer dem Wege liegen, mit wenigen Worten zu zeigen, in welchem Verhältnisse das religiöse Element derselben zu dem ihr vorgeworfenen politischen stand.",,,,,,accounts;,,,Ursache der Volksbewegung,Verhältnis religiöser Elemente mit den politischen Ereignisen,,volk; zürich;,,,,Zürich,,,,,,,,,,,,,,,,,,,,,,,,,,
234,143,1,8,"Die Regierung hatte sich durch die Berufung von Dr. Strauß, der Gr. Rath durch seine mehrfachen Behandlungen in die entschiedenste Opposition gegen das gesammte Volk gehetzt. Die wenigen Anhänger der Straußischen Ansichten, oder vielmehr, da Strauß bloß als Werkzeug sollte gebraucht werden, der Ansichten eines Dr. Keller und Staatsanwaltes Ulrich, welche nach allgemeiner Ansicht beide Behörden stets nach Belieben dahin oder dorthin zogen, kamen offenbar, wie es sich durch die 40,000 Petitionirenden [sic], die 20,000 Anwesenden in Kloten, die 29.000 *[1]) bei den letzten Großrathswahlen Stimmenden, sonnenklar herausstellt, bei der Frage: ""was ist die Meinung des Volkes?"" nur in gar keinen Betracht.",,,,,,blaring; dissociation; ,,Dr. Strauss; Grosser Rath; Anhänger Strauss'; Ansichten von Keller und Ulrich; Strauss als Werkzeug gebraucht,Volk ist die Versammlung einer grossen Zahl (Selbstbestimmung),das gesammte Volk,,Strauß; volk; liebe;,,,,,,,,,,,,,,,,,,,,,,,,,,,,,,
234,143,1,9,"Nichts desto weniger blieben jene höchsten Behörden nicht nur auf ihrem lieben Stuhl, handelten nicht nur dem so zu sagen einstimmigen Volkswillen schnurstracks entgegen, sondern die Führer des großen Rathes überschütteten in ihren Boten das Volk in Einem fort mit Hohn und Spott und Beleidigungen, und der Regierungsrath ging sogar am Ende so weit, daß er sich wirkliche Verfassungsbrüche zu Schulden kommen ließ, sowohl durch Versuche, die Zensur wieder einzuführen (vgl. den Beobachter und Hrn. Bürgermeister Hirzel), als auch durch die Hemmungen, ja Hinderungen des freien Petitionsrechtes (Erlaß vom 23. Aug. in Vergleich mit der darauf folgenden Erklärung vom 31. Aug.)",Schuld,,,,,blaring; dissociation; ,,gegen den Volkswillen handeln; vom lieben Stuhl aus handeln; das Volk verspotten;,Verfassungsbruch; Zensur; Hinderung des freien Petitionsrechtes; Angabe von Referenzen,,,"Hirzel, M.; volk; liebe;",,,,,,,,,,,,,,,,,,,,,,,,,,,,,,
234,143,1,10,"dann aber auch der innere Drang, offen vor Gott und Menschen auszusprechen, warum, was und wie ich gehandelt an jenem verhängnißvollen Tage. ",,,,,,self-enhancement; ,inner Drang offen zu sprechen,,"warum, was und wie ich gehandelt (Verantwortung)",,,drang; verhängnisvolle Tag; gott;,,,,,,,,,,,,,,,,,,,,,,,,,,,,,,
234,143,1,11,"Solches aber nur für diejenigen, die leidenschaftlos prüfen können und wollen. Das Urtheil der Leidenschaftlichen, für oder wider mich, gilt mir gleich viel. ",,,,,,flattery; blasting;,,,,rationales Urteil,,wahrheit; leidenschaftslos,,,,,,,,,,,"addressed to the seakers of truth (""Leidenschaftslosen"")",,,,,,,,,,,,,,,,,,,
234,143,1,12,"Gott ist mein Zeuge, daß ich nichts gethan habe, als was ich nach meiner innersten Ueberzeugung für das Wohl des Vaterlandes für nothwendig hielt.",,,,,,entitlement; modesty;,handeln aufgrund innerer Überzeugung,für das Wohl des Vaterlandes,,Vaterland,,noth; gott;,,,,,,,,,,,,,,,,,,,,,,,,,,,,,,
234,143,1,13,"Wär es sich denn zu verwundern, wenn das Volk, welches seine liebsten, heiligsten Interessen von seinen Stellvertretern zertreten und gehöhnt sah, allmählig und immer mehr in seinen Repräsentanten nichts als die Feinde seines [-4-] höchsten Gutes erblickte, und in Verzweiflung, daß dieses auf gewöhnlichem Wege nicht könne bewahrt werden, auf den Gedanken kam, seine unwürdigen Bevollmächtigten nach dem Rechte der Selbsterhaltung anzurufen?",,,,,,boosting; blaring;,Verteidiger des Volkes,Volksinteressen; Volksrepräsentanten werden als Feinde gesehen; nach dem Rechte der Selbsterhaltung anrufen (Prerrogative),"Verzweiflung; der gewöhnliche (friedliche, administrative) Weg -> Notwendigkeit von Kreativität!",höchstes Gut; Prerrogative (J. Locke),,feind; wahrheit; höchstes Gut; Verzweiflung; Recht der Selbsterhaltung; volk,,,,,,,,N: tradition,,,,,,,,,,,,,,,,,,,,,,
234,143,1,14,"So war denn allerding die dem Zwecke nach rein religiöse Bewegung durch die Opposition der Staatsbehörden auf politische Mittel hingezwungen worden. Den Einwurf: ""das Volk konnte ja zuwarten bis zu den Erneuerungswahlen in 2-3 Jahren"" kann nur derjenige machen, der nicht weiß oder nicht wissen will, was Volksleben ist. Denn aber, so lebhaft auch der Wunsch des Volkes war, nicht nach anderer Verfassung,",,,,,,blaring;  ,,,Kausalität: durch Opposition der Staatsbehörde wird religiöse Bewegung politisch. Fakt: Warten nicht möglich.,,,volk;,,,,,,,,,,,,,,,,,,,,,,,,,,,,,,
234,143,1,15,"sondern einzig nach andern Regenten; dennoch waren die Komite und namentlich auch, ich nehme weit die meisten Gemeinden, und zunächst die meinige zu Zeugen, die Geistlichen im Stande, obschon sie mit Besorgnis in die Zukunft hinausblicke, das Volk von ungesetzlichen Schritten zurückzuhalten.",,,,,,entitlement; exemplifying;,Sorgen um die Zukunft; einer der Geistlichen,"Komitee und Geistliche im Stande Ungesetzlichkeiten zu verhindern (??? Wie, stimmt das mit Predigten überein?)","gleiche Verfassung, neue Regenten gewünscht (=bessere Ausführung der Verfassung); zeugen nehmen",,,volk; zurückhalten;,,,,,,,,,,,,,,,,,,,,,,,,,,,,,,
234,143,1,16,Doch die Verwickelung sollte dennoch gewaltsam gelöst werden.,,,,,,hedging; ,,,Friedliche Lösung versagt…,,,Verwicklung; gewalt;,truth,,,,,,,,,,,,,,,,,,,,,,,,,,,,,
234,143,1,17,"Schon den 4. Sept. hatte ich die zuverläßige Nachricht bekommen *[2]), daß die Radikalen des ganzen östlichen Kantonstheiles unter Leitung eines besonders hiefür angelangten Hauptführer der Radikalen in Hinweil eine Versammlung gehalten, deren Resultat sei, "" es sollen sich die Radikalen in der Nacht vom 5. auf den 6. nach Zürich begeben, die Studenten an sich ziehen, sich des Zeughauses bemächtigen und die radikale Majorität des Regierungsrathes zu Ergreifung von kräftigen Maßregeln (d.h. Niedertretung des Volkes, Guillotine für seine Führer) auffordern."" ",,,,,,blaring;,,Freiheit des Volkes in Gefahr: geplante Versammlung der Radikalen in Hinwil mit Ziel gewaltätiger Unterdrückung des Volkes.,,Freiheit,,volk; Versammlung; zürich;,,,,Zürich,,,,,,,,,,,,,,,,,,,,,,,,,,
234,143,1,18,"Ferner am 5. Morgens wurde mir von Winterthur aus die Kunde, ""daß sich die Anhänger der Regierungsparthei (die Radikalen) aus ""allen Gegenden des Kantons nächsten Montag, den Tag des Großen Rathes, ins Geheim bewaffnet nach Zürich begeben werden, dort wollen sie sich mit",,,,,,,,Freiheit des Volkes in Gefahr: geplante Versammlung der Radikalen in Hinwil mit Ziel gewaltätiger Unterdrückung des Volkes.,,,,Winterthur; zürich;,,,,Zürich; Winterthur,,,,,,,,,,,,,,,,,,,,,,,,,,
234,143,1,19,"bestimmten Abzeichen in der Nähe des Zeughauses postiren [sic], um nach Einnahme [-5-] deselben dem Volke, das wohl wieder so unbewaffnet nach Zürich wie nach Kloten kommen werde, endlich einmal zu zeigen, wer Meister sei."" ",,,,,,blaring;,,Freiheit des Volkes in Gefahr: geplante Versammlung der Radikalen in Hinwil mit Ziel gewaltätiger Unterdrückung des Volkes.,,,,volk; zürich;,,,,Zürich,,,,,,,,,,,,,,,,,,,,,,,,,,
234,143,1,20,"Wenn nun gleich diese Nachrichten in der Zeitbestimmung nicht übereintrafen, so vereinigten sich denn doch beide in der Hauptsache so genau, dass ich mit schwerem Herzen der Zukunft entgegensah, und diese Besorgniß vermehrte sich noch gar sehr, als ich vernahm, daß im Laufe des 5. September beihnahe alle sogenannten Straußianer meiner Umgegend ""Geschäfte halber"" nach Zürich verreist waren.",,,,,,,,Zukunft in Gefahr,Straussianer nach Zürich; Chronologie,,,Strauß; zürich,,,,Zürich,,,,,,,,,,,,,,,,,,,,,,,,,,
234,143,1,21,"Mit welchen Gefühlen ich alles dieses vernahm, kann jeder sich denken, der Liebe hat zu seinem Volke, und dessen heiligstes Gut zu würdigen vermag. So in der höchsten Aufregung erhielt ich den 5. Nachmittags 2 Uhr, wie alle",,,,,,exemplifying;,Liebhaber des Volkes,Liebe zum Volk,,Liebe,,volk; liebe;,,,,,,,,,,,,,,,,,,,,,,,,,,,,,,
234,143,1,22,"übrigen Präsidenten der Bezirkscomite, nachfolgendes Schreiben des Vice-Präsidenten des Central-Comite:",,,,,,remedial;,,,Angabe von Referenzen;,,,Comite;,,,,,,,,,,,,,,,,,,,,,,,,,,,,,,
234,143,1,23,"""Die Feinde drohen das Vaterland mit fremden Truppen zu überziehen, Neuhaus bietet Bern auf und Baselland rüstet sich. Ich ersuche Euch, Euch in Bereitschaft zu halten, damit, wenn die Glocken gehen, Alles zum Sturm bereit sei. Ein guter Theil kommt dann nach Zürich, und ein anderer Theil bleibt bei Hause zu Bewachung des eigenen Herdes. Zürich, den 5. September 1839."" ",,,,,,,"""nur"" Befehlsausführer?","fremde Truppen (Bern, Basel)","Befehl Rahn-Escher (authorität: ""des Vice-Präsidenten des Central-Comite"") zur Bereitschaft zum Kampf",,,feind; zürich;,,,,Zürich,,,,,,,,,,,,,,,,,,,,,,,,,,
234,143,1,24,"""Rahn-Escher.""",,,,,,,,,,,,Rahn-Escher,,,Rahn-Escher,,,,,,,,,,,,,,,,,,,,,,,,,,,
234,143,1,25,"Es ist viel gesprochen worden von falschen Zuschriften, die nach Pfäffikon gekommen seien. Obige Zuschrift, die einzige, welche ich vor dem Sturmläuten erhalten habe, ist zwar ächt, falsch aber zum Theil allerdings ihre Veranlaßung.",,,,,,opinion conformity; excuses;,"Verantwortung für ""Leichtgäubligkeit""?",,Fakt: Täuschung durch falsche Informationen (Zuschrift),Wahrheit,,wahrheit; Pfäffikon;,,,Pfäffikon;,,,,,,,,,,,,,,,,,,,,,,,,,,,
234,143,1,26,"Herr Dr. Rahn-Escher wurde nähmlich dazu bewogen durch eine absichtlich ausgestreute Unwahrheit des alt Regierungsrath Weiß, welcher wähnte damit Furcht einflößen zu können *[3]). ",,,,,,blaring; remedial;,,Weiss beschuldigt als dem Volk mit Lügen Angst zu machen zu wollen.,,Wahrheit,,wahrheit; Rahn-Escher; Weiss,,,Rahn-Escher,,,,,P: mistake critic,,,,,,,,,,,,,,,,,,,,,,
234,143,1,27,"Ganz ohne Grund, d.h. eine wirkliche Lüge scheint es mir indessen, nach dem bekannten Anerbieten des Herrn Neuhaus und nach unzweifelhaften Andeutungen von Mitgliedern des frühern Regierungsrathes, doch nicht gewesen zu sein, Dem sei indessen wie ihm wolle, ",,,,,,hedging; ,,,doch keine Unwahrheit?,,,wahrheit; Neuhaus; Regierungsrath; Gründe,,,,,,,,,,,,,,,,"any record of this ""Anbieten""?",,,the proof for the rumors of conspiration?,,,,,,,,,,,
234,143,1,28,"der bloße Gedanke an fremde Einmischung, an Zwang zu verabscheuten Zwecken von Seiter einer [-6-] verachteten Regierung regte mich und alle, denen ich Obiges mittheilte, in dem Grade auf,",,,,,,entitlement; burnishing;,Freiheitswunsch,Freiheitswunsch,,Freiheit,, fremde Einmischung; Zwang; Gründe; Regierung;,,,,,,,,,,,,,,,,,,,,,,,,,,,,,,
234,143,1,29," daß wir lieber sterben wollten, als solchen Zwang erdulden.",,,,,,self-enhancement; burnishing;,,,lieber sterben als unfrei (-)!!,Freiheit,CD,liebe; lieber sterben;,Opfer,,,,,,,,,,,,,,,,,,,,,,,,,,,,,
234,143,1,30,"Sogleich berichtete ich die umliegenden Gemeinden, daß sie auf die Glocken von Pfäffikon achten möchten, und überlegte sodann mehrere Stunden lang, allein vor Gott, die Lage der Dinge.",,,,,,self-enhancement; entitlement;,Verantwortung: Animation dem Befehl Rahn-Eschers nachzukommen,,,Suche nach Wahrheit: Gebet,,gott; Pfäffikon;,,,Pfäffikon;,,,,,,,,,,,,,,,,,,,,,,,,,,,
234,143,1,31,"""Tritt einmal die projectierte [sic] Versammlung der Radikalen in Zürich oder Winterthur zusammen, noch vor dem Anmarsch fremder Truppen, so wird dieselbe, so klein sie auch sein möchte, von den Feinden des Volkes so sehr vervielfacht, daß fremde Einmischung so viel als gewiß ist; sind dann fremde Truppen da, so ist alle Organisation der Volksbewegung gehemmt, und ohne Organisation nicht erreichbar.",,,,,,accounts;,,,Notwendigkeit die Radikalenversammlung aufzuhalten (um Krieg zu verhindern und Freiheit bewahren),Friede,CD,feind; volk; Versammlung; Winterthur; zürich;,,,,Zürich; Winterthur,,,,,,,,,,,,,,,,,,,,,,,,,,
234,143,1,32," - In Zürich wissen sie noch nicht, was ich hier erfahren haben von den Plänen der Radikalen, und doch gewinnt einzig, wer zuvorkommt. – ",,,,,,excuses;,,,Notwendigkeit: zuvorzukommen (einziger Weg?),Friede,CD,Zürich;,,,,Zürich,,,,,,,,,,,,,,,,,,,,,,,,,,
234,143,1,33,"Die Aufforderung, sich zum Sturm bereit zu halten, ist in alle Bezirke gekommen, das Volk überall gleich entschlossen, zu Erhaltung seiner heiligsten Interessen für Kinder und Kindeskinder Gut und Blut zu wagen.",,,,,,exemplifying;,,,Für die Zukunft das Leben wagen,Leben,CD,volk;,,,,,,,,,,,,,,,,,,,,,,,,,,,,,,
234,143,1,34,"Seit Anfang der Bewegung hat das Volk immer und überall eine solche Ruhe und Ordnungsliebe und eine solche Folgsamkeit zu seinen Führern bewiesen, daß man ihm völliges Zutrauen zu schenken verpflichtet ist bei einer Bewegung, deren Tendenz keine andere ist, als: Wahrung der höchsten Interessen gegen Thyrannei Einzelner und gegen fremde Einmischung. ",,,,,,burnishing; blaring;,,,,"Friede, Treue, Freiheit",,wahrheit; gegen Thyrannei Einzelner; fremde Einmischung; Folgsamkeit; volk; liebe; Ordnung;,"localism, collectivism",,,,,,,N: value,the people are good and have no bad intenion,,"aristocracy and political elite, citizens of the city",,,,,,peace and order,,,,,,,,,,,,,
234,143,1,35,"Endlich noch und ganz vorzüglich: Würde man zuwarten bis zum nächsten Montag, so müßte nach aller Wahrscheinlichkeit ein Kampf entstehen, der nicht nur nach obigen Plänen der Radikalen höchst blutig ausfiele, sondern eben dadurch die Einmischung anderer Kantone unausweichlich machte.""",,,,,,blaring;,,,Warten verschlimmert den Konflikt,,,wahrheit; Kampf; blutig; Pläne der Radikalen; fremde Einmischung,conspiration,nächsten Montag,,,,,,P: mistake critic,conspirtion theory according to which the rural people would have died and lost in a similar scenario to the Stecklikrieg,,,,,,,,,,,,,,,,,,,,,
234,143,1,36,"Alles dieses ruhig und ernst überlegend, half ich vor Allen seien Bürgerwache anordnen, welche namentlich die Familien der Radikalen vor Unbill zu beschützen habe, befahl Leib und Seele dem Herrn und - ließ Sturm läuten.",,,,,,self-enhancement;,Rationaler Denker,Schutz der Radikalen; Planung zur Verteidigung,,Friede,BB,ruhig; Bürgerwache; gott; Sturm läuten;,enemy,,,,,,,P: counterfactual conditionals,,,,,,,,,,,he protects his enemies,,,,,,,,,,,
234,143,1,37,"Zu gleicher Zeit gingen Erpresse zu Pferd an den See und nach Zürich, um die Brüder von unserm Aufbruch in Kenntniß zu setzen und zur Theilnahme einzuladen. An letzterer konnten wir um so weniger zweifeln, als ihnen theils die dringlichen Gründe mitgetheilt wurden, theils Alles auf lange, wenn nicht mit aller Kraft unterstützt hätte.",,,,,,burnishing;,,Warnung; bitte um Teilnahme (=ausschluss der Radikalen),,,BB,Gründe; zürich; brüder;,support,,,Zürich,,,social,N: motif,,,,,,,,,,,"organizational aspects, large support of the movement",,,,,,,,,,,
234,143,1,38,"[-7-] Nach und nach rückten alle 12 Zivil-Gemeinden von Pfäffikon ein, bereits zu 600 Mann. Die allgemeine Bewaffnung fand nicht Statt, weil wir bloß durch eine moralische Demonstration, nicht durch Waffengewalt, die Regierung zur Erfüllung der Volkswünsche bewegen wollten, dagegen bewaffnete sich ein kleinerer Theil, um damit dem Zuge ein gewisses Ansehen zu geben. Auch Bubikon, Hittnau, Bauma, jedes mit circa 400-500 Mann, folgten nach, so daß sich bereits gegen 2000 Mann zusammengefunden hatten. ",,,,,,hedging; ,,"Versuch einer gewaltlosen Demonstration der Volkswünsche (Argumentation: wir sind das Volk, wir sind soo viele)",keine allgemeine Bewaffnung; Waffen als Zeichen der Bestimmtheit und Stärke,"Friede, Gewaltlosigkeit",,volk; gewalt; Pfäffikon;,,,Pfäffikon;,,,,,,,,,,,,,,,,,,,,,,,,,,,
234,143,1,39,"Diesen wurde, nach Auswahl bestimmter Führer, dringend ans Herz gelegt, ""wie unumgänglich nöthig es sei zur Erreichung unsers hohen heiligen Zieles, daß sowohl auf dem Zuge als bei der Ankunft in der Stadt die strengste Ordnung beachtet werde, indem wir ja Nichts wollen als Sicherung unsers dringlichen Glaubens und Garantie gegen aufgedrungenen fremden Nachspruch."" ",,,,,,hedging; self-enhancement;,,,Wahl von Führern (durch wen?); Notwendigkeit: Friedlichkeit zu Demonstrieren,Friede; Freiheit des Glaubens,,noth;  glaube; ordnung; fremde;,,,,,,,,,,,,,,,,,,,,,,,,,,,,,,
234,143,1,40,"Tausendfach, aber wie aus Einem Herzen, kam die Zustimmung, und der Zug rückte geordnet vorwärts. Von Dorf zu Dorf wuchs derselbe zu Hunderten an, namentlich in Volkeschweil [sic] trafen wir mit unsern Brüdern aus Sternenberg, Fischenthal, Wetzikon und andern Gemeinden des Bezirkes aus Hinweil [sic] zusammen, so daß die Anzahl in Dübendorf an 4-5000 betragen mochte.",,,,,,opinion conformity; ,"Mann aus dem Volk, Mann des Volkes",Brüder,wie aus einem Herzen (Manifestation des Volkes),Volk,,volk; brüder;,,,,,,,,,,,,,,,,,,,,,,,,,,,,,,
234,143,1,41,"Die ruhige Haltung und das ernste Benehmen dieser Menschenmasse zur Nachtzeit vorüber oftmals den ihrer Feinde wird mir ewig unvergeßlich sein, und dient allein schon der früheren Regierung zum Urtheil: Kein Geschrei, kein Ruf, kein lautes Wort; entweder feierliche Stille, und in der Nähe der Dörfer unterbrochen von schauerlichem Sturmgeläute, oder tausendstimmiger Gesang frommer Lieder ans Herzensgrund.",,,,,,burnishing;,,"Eindruck, den das friedliche (reife) Volk auf B.H. macht",Ruhiges Verhalten als Beweis für friedliche Absicht und Mündigkeit,Volk,,feind,,,,,,,,,,,,,,,,,,,,,,,,,,,,,,
234,143,1,42,"In Dübendorf hieß es, daß ein Schreiben des Central-Comite gekommen [sic] sei. Der Inhalt derselben war eine Aufforderung zur Rückkehr. Was ich dabei nicht sagte, sondern dachte, kann jeder ebenfalls sich denken; das Volk fordert laut, vorwärts geführt zu werden, und um so leichter willigte ich ein, als ich im Rückwärts nicht nur für mich, sondern die Volkssache selbst, nichts als Verderben.",,,,,,excuses; blaring;,Führer der Volksbewegung (gibt Teil der Verantwortung auf das Volk ab),Ärger oder Besorgnis über Unverantwortlichkeit,Aufforderung zur Umkehr; Unmöglichkeit dies auszuführen (weil das Volk schon da war!),Verderben,,volk; comite;,,,,,,,,,,,,,,,,,,,,,,,,,,,,,,
234,143,1,43,"So rückte denn der Zug weiter, der Entscheidung immer näher und näher. Aber was hatten wir nach jenem Schreiben des Central-Comite zu erwarten? sollten denn wirklich die andern Bezirke nicht aufgemahnt worden sein? und dann - - ? doch schnell beruhigte mich die feste Ueberzeugung, daß diese [-8-] andern Bezirke einerseits uns sicherlich nicht stecken lassen wollen, anderseits auch nicht können werden, da ja unser Aller Interesse nur Eines, unsere Niederlage ihre eigene sei.",,,,,,opinion conformity; excuses;,,ethisch: werden uns nicht alleine lassen; pragmatische Allianz: gemeinsamer Sieg oder Niederlage,Entscheidung,Solidarität,,Comite;,,,,,,,,,,,,,,,,,,,,,,,,,,,,,,
234,143,1,44,"In Oberstraß, auf der Höhe der Winterthurer-Straße wurde Halt gemacht, und kaum waren wir daselbst angelangt, so erschienen als Abgeordnete des Regierungsrathes die Herren Hegetschweiler und M. Sulzer, um die Wünsche des Volkes zu vernehmen. Beinahe zu gleicher Zeit kam auch Herr Dr. Rahn-Escher an. - Bald verständigte man sich dahin, dem Regierungsrathe folgende Ansuche vorzulegen:",,,,,,opinion conformity;,,Hegetschweiler und Sulzer hören Volkswünsche an,,,,Sulzer; volk; Winterthur; Rahn-Escher,,,Sulzer,Winterthur;,,,,,,,,,,,,,,,,,,,,,,,,,,
234,143,1,45,1) Erfüllung sämmtlicher in der Adresse von Kloten ausgesprochener Wünsche.,,,,,,,,,Forderungen,,,wünsche;,demands,,,,,,,,,,,,,,,,,,,,,,,,,,,,,
234,143,1,46,"2) Bestimmte Erklärung, daß der Regierungsrath weder jetzt noch in Zukunft bei innern Angelegenheiten fremde Hülfe in Anspruch nehmen wolle.",,,,,,,,,Forderungen,,,fremde; Regierungsrath; fremde; ,,,,,,,,,,,,,,,,,,,,,,,,,,,,,,
234,143,1,47,3) Lossagung von dem Siebner-Concordate.,,,,,,,,,Forderungen,,,Siebner-Concordat,,,,,,,,,,,,,,,,,,,,,,,,,,,,,,
234,143,1,48,"Die Herren Abgeordneten beide erklärten, daß sie ihr Möglichstes thun wollen, um dies Volkswünsche zu realisiren [sic], und kehrten zurück mit der Zusicherung, daß der Regierungsrath seine Antwort uns so bald als möglich werde zukommen lassen.",,,,,,"??? Burnishing an unfavorable other, role switch?; disclaimers;",,"Positive aufnahme der Wünsche, Vermittlung durch Hegetschweiler und Sulzer",,Friede,,volk; Abgeordnete; wünsche; Regierungsrath; Antwort;,,,,,,,,,,,,,,,,,,,the importance of the will of the people for B.H.,,,,,,,,,,,
234,143,1,49,"Bei also angeknüpften Behandlungen vertheilte sich das Volk in die umliegende Gegend, um die nöthigen Erscheinung zu finden, mit einstimmigen Verspreche, nach Verfluß von zwei Stunden sich wieder zur Stelle zu begeben.",,,,,,,,,zwei Stunden Pause,,,volk; noth; Erscheinung?,,,,,,,,,,,,,,,,,,,,,,,,,,,,,,
234,143,1,50,"Eine wiederholte Aufforderung zur Ruhe und Ordnung schien mir ganz überflüssig, ja sie wäre eine Beleidigung gegen unser braves Volk gewesen. ",,,,,,burnishing;,,,,Friede; Gewaltlosigkeit,,volk; ordnung; ,,,,,,,,,,,,,,,,,,,,,,,,,,,,,,
234,143,1,51,"Was ich als Möglichkeit vorausgesehen hatte, war wirklich der Fall. Das Central-Comite hatte im Glauben, unsern Zug zurückhalten zu können, die Aufforderung zum Sturme an andere Bezirke unterlassen. Eben so gut traf aber auch meine zweite Voraussetzung ein, daß man uns nicht ohne Hülfe lassen werde, denn sofort wurden Erpresse [sic] nach allen Seiten geschickt, um zum Sturme aufzufordern. ",,,,,,self-enhancement; justification;,korrekte Voraussicht der soziopolitischen Lage,Solidarität der anderen (schon informierten) Bezirke (gegen die eigene Leitung),"Teil der Bezirke werden nicht vom Zug informiert (Verfälschung des ""Volkswillens""); Unterstützung kommt dennoch ",ein Volk,BCD,Comite; glaube; zurückhalten;,,,,,,,,,,,,,,,,,,,,,,,,,,,,,,
234,143,1,52,"Nach und nach ertönte längs beiden Seeufern eine Glocke nach der andern und so ringsum immer weiter und weiter. Nach Verfluß der anberaumten 2 Stunden fand sich das Volk nicht nur ziemlich vollzählig ein, sondern es verlangte sofort nach der Stadt geführt zu werden und auf irgend einen Platze sich zu lagern, um von da aus eine Deputatschaft [sic] an die Regierung [-9-] zu senden mit der Bitte um Antwort auf die mitgetheilten Volkswünsche. Diesen allgemeinen Begehren setzte ich mich um so weniger entgegen, als mir durch befreundete Männer aus der Stadt, welche mit dem gegenwärtigen Zustande derselben vertraut sein mußten, des Bestimmtesten versichert worden war, daß das Zeughaus in den Händen der Stadt sei, und daß kein Angriff gegen uns werde gemacht werden, wenn wir nicht selber zuvor angriffen. ",,,,,,self-enhancement; burnishing;,Diener des Volkes (handelt aufgrund der Volksbitte),Volkswünsche; Unterstützung der Stadt; Miniminierung der Gefahr,Risikoabschätzung,Gewaltlosigkeit,,freund; volk; antwort;,,,,,,,,,,,,,,,,,,,,,,,,,,,,,,
234,143,1,53,"Rechnet man dazu die Sicherheit, welche wir durch die bereits mit der Regierung angeknüpften Unterhandlung zu finden mit Recht hoffen durften, ferner die Nothwendigkeit, einem großen Theile des Volkes, welcher auf dem Berge keine Lebensmittel hatte bekommen können, solche zu verschaffen, und endlich noch die Erwartung, daß unsere Wünsche wohl um",,,,,,justification; ,,,laufende Verhandlung = Sicherheit,Gewaltlosigkeit,,volk; noth;,,,,,,,,,,,,,,,,,,,,,,,,,,,,,,
234,143,1,54,"so eher möchten erfüllt werden, wenn wir in der Nähe des Regierungsrathes sie wiederholten; alsdann wird man villeicht [sic] zugeben, daß der Vorwurf von Uebereilung, welcher gegen den Einzug in die Stadt vor Ankunft der andern Bezirke, wohlverstanden erst nach der unerwarteten Wendung der Dinge, ist gemacht worden, selber etwas voreilig war. ",,,,,,justification; ,Rationaler Denker (Argumentation),,Unbegründung des Vorwurfes des Übereilung (falscher Schluss),rationales Urteil,,"Regierungsrath; Vorwurf; Uebereilung; unerwartete Wendung, voreilig;",time; change; will; action,,,,,,,,,,,,,,,,,,,,,,,,,,,,,
234,143,1,55,"Freilich, hätten wir einen Angriff projectiert [sic], oder einen solchen von der andern Seite auch nur für wahrscheinlich erachtet, dann wäre jener Vorwurf allerdings nur zu begründet.",,,,,,opinion conformity; modesty;,Rationaler Denker (Argumentation),,unter richtigem Gedankengang,rationales Urteil,,wahrheit; angrif; Gründe,,,,,,,,N: motif,,,,,,,,,,,,,,,,,,,,,,
234,143,1,56,"Somit ordnete sich der Zug zu 4 Mann hoch, voran 20 Scharfschützen, dann die Infranteristen und irgendwie Bewaffnete, etwa zu 100 Mann, zuletzt das Volk gegen 2000 Mann, bloß mit Stöcken in der Hand.",,,,,,,,,unbewaffnetes Volk,,,bloss mit Stöcken; volk;,unarmed?,,,,,,,N: motif,,,,,,,,,,,"a large numbre of people, unarmed",,,,,,,,,,,
234,143,1,57,"Die Uebrigen hatten sich, wohl aus verschiedenen Gründen, dem Zuge nicht mehr angeschlossen. ",,,,,,boosting;   ,,,"""Volk"" nicht vollzählig!",Volk,,Gründe,change of mind,,,,,,,N: motif,,,,,,,,,,,half of the movemente abandones the last decision to participate in the march. This is key? What if B. had motivated the other half to stay at home?,,,,,,,,,,,
234,143,1,58,"In meisterhafter Ordnung, die selbst von unsern Gegner anerkannt wird, rückte das Volk in die Stadt ein. Der einzige Tadel, welcher darüber ausgesprochen wurde, betraf die schlechte Kleidung Vieler; aber in dieser schlug ein Herz, treu seinem Gott und Heiland, und entschlossen, durch Festigkeit und Ordnungsliebe zu zeigen, daß es ihm um das Höchste zu thun war. ",,,,,,burnishing; ,,,arme Kleidung,"Friede, Gewaltlosigkeit, Armut (ideal oder nicht?)",,Gründe; Ordnung; Gegner; schlechte Kleidung; volk; gott; liebe; treu;,Feind; poverty,,,,,,,N: motif,,,,,,,,,,,"again he describes the humbleness, poornes and defenslessnes of the people",,,,,,,,,,,
234,143,1,59,Aus sich selber stimmte das Volk wieder seinen Gesang an:,,,,,,hedging;,,,"Volk ""aus sich selber"": Autodeterminismus",Freiheit,,volk; Gesang;,,,,,,,,,,,,,,,,,,,,,,,,,,,,,,
234,143,1,60,"Dies ist der Tag, den Gott gemacht;",,,,,,,,,Anbetung von Christus als Erlöser,Christus,,gott;,,,,,,,,,,,,,,,,,,,,,,,,,,,,,,
234,143,1,61,Sein werd´ in aller Welt gedacht;,,,,,,,,,,,,,,,,,,,,,,,,,,,,,,,,,,,,,,,,,,
234,143,1,62,"Ihn preise, was durch Jesum Christ",,,,,,,,,,,,,,,,,,,,,,,,,,,,,,,,,,,,,,,,,,
234,143,1,63,Im Himmel und auf Erden ist! [-10-],,,,,,,,,,,,,,,,,,,,,,,,,,,,,,,,,,,,,,,,,,
234,143,1,64,Die Völker haben Dein geharrt,,,,,,,,,,,,,,,,,,,,,,,,,,,,,,,,,,,,,,,,,,
234,143,1,65,Bis daß die Zeit erfüllet ward -,,,,,,,,,,,,,,,,,,,,,,,,,,,,,,,,,,,,,,,,,,
234,143,1,66,Da sandte Gott von seinem Thrun,,,,,,,,,,,,gott;,,,,,,,,,,,,,,,,,,,,,,,,,,,,,,
234,143,1,67,"Das Heil der Welt, Dich, seinen Sohn.",,,,,,,,,,,,,,,,,,,,,,,,,,,,,,,,,,,,,,,,,,
234,143,1,68,"Mächtig hallten die kräftigen Töne durch alle Straßen und wohl auch durch viele Herzen; es lag darin ein Ernst und eine Freudigkeit, deren Erkenntniß ich nicht um ein Leben vertauschen würde.",,,,,,burnishing; ,,,Gesang als friedliche Aktivität (muss aber nicht so interpretiert werden),Gewaltlosigkeit ,,"Herz; ernst, freude; leben;",Opfer,,,,,,,,,,,,,,,,,,,,,,,,,,,,,
234,143,1,69,"Auf dem Rathhausplatze machte mir Hr. Dr. Rahn-Escher den Vorschlag, mit den Bewaffneten über die Untere Brücke durch die Storchengasse nach dem Fraumünsterplatze zu ziehen; er selbst wolle den unbewaffneten Zug dem rechten Quai hinauf über die obere Brücke an denselben Ort führen, woselbst dann die Stadt für die nöthige Erfrischung sorgen werde. ",,,,,,hedging;,,"Rahn-Escher bittet/bietet B.H. an, den bewaffneten Zug zu führen",,Gewaltlosigkeit; Nichteinmischung von Pfarrern,,noth; Rahn-Escher;,,,Rahn-Escher,,,,,,,,,,,,,,,,,,,,,,,,,,,
234,143,1,70,"Dieses schien mir zwar etwas stark, da ich wußte (dem Volke war es nicht bekannt), daß der Regierungsrath in dem Postgebäude sitze; ",,,,,,excuses;,Bedenken,,,,,volk;,,,,,,,,,,,,,,,,,,,,,,,,,,,,,,
234,143,1,71,lieber hätte ich mich nach einer Verabredung mit andern Freunden aus der Stadt auf dem Rathhausquai gelagert. ,,,,,,excuses;,wollte nich alleine Handeln,,,,,freund; liebe;,,,,,,,,,,,,,,,,,,,,,,,,,,,,,,
234,143,1,72,"Indessen musste doch Hr. Dr. Rahn die Lage der Dinge in Zürich besser kennen, als ich; somit willigte ich ein. Nach besonderer Rücksprache mit Herrn Dr. Rahn-Escher befreue [sic] ich mich aber jetzt herzlich, beifügen [sic] zu können, daß beweislicher Maßen das Militär von der Regierung den Befehl hatte, den Fraumünsterplatz frei zu lassen und einzig die Zugänge zu den Zeughäusern zu beschützen.",,,,,,modesty; burnishing;,,Vertrauen in Rahn-Escher (aufgrund seiner Autorität),Vertrauen bestätigt durch R.-E.s vorraussehendes Handeln,Gewaltlosigkeit,,Zürich; Rahn-Escher;,,,Rahn-Escher,Zürich,,,,,,,,,,,,,,,,,,,,,,,,,,
234,143,1,73,Gott ist mein Lied! Er ist der Gott der Starke;,,,,,,self-enhancement; entitlement;,,,,Gott als Stärke,,gott;,,,,,,,,,,,,,,,,,,,,,,,,,,,,,,
234,143,1,74,"Hehr ist sein Nam, und groß sind seine Werke;",,,,,,,,,,,,,,,,,,,,,,,,,,,,,,,,,,,,,,,,,,
234,143,1,75,Und alle Himmel sein Gebiet!,,,,,,,,,,,,,,,,,,,,,,,,,,,,,,,,,,,,,,,,,,
234,143,1,76,"Mit diesem Gesange schieben wir auf beide Seiten. Schon als wir durch die Storchengasse zogen, bemerkte ich mit Besorgniß, wie die rechts davon liegende Schlüsselgasse mit Militär besetzt war; indessen stand ich immer noch in der Ueberzeugung, die Regierung könne [sic] sich selber unmöglich so weit schänden, daß sie mitten in der Unterhandlung, ohne uns Antwort zu geben, einen Angriff werden auf uns machen lassen. ",,,,,,blaring; disclaimers;,Handeln im Namen Gottes; ,Glauben an das Gute im Andern (Regierung); Sorge und Zweifel an den Absichten,Handeln im Namen Gottes,,,Gesang; Angriff; Regierung; schändlich; antwort;,,,,Schlüsselgasse,,,,N: motif,,,,,,,,,,,,,,,,,,,,,,
234,143,1,77,"Aber gegen die Mündung der Storchengasse  in den Fraumünsterplatz hörte ich plötzlich Kavallerie heraufsprengen, lies schnell, während ich bisher zwischen den Scharfschützen und der Infanterie gegangen war, vorn an die Schützen hin, und rief ihnen zu, ""um Gotteswillen [-11-] nicht zu feuern, bis zwei von uns todt darnieder lägen, damit wenigstens wir nicht den Bürgerkrieg anfangen.""",,,,,,self-enhancement; blaring;,als pazifistischer Anführer; opferbereit,Opferbereitschaft fordernd,,Leben; Gewaltlosigkeit,BD,gott;,,,,,,,,,,,,,,,,,,,,,,,,,,,,,,
234,143,1,78," - In demselben Augenblick sah ich die Dragoner mit gezücktem Säbel hart vor mir, trat hin vor Major Uebel und rief ihm, so laut ich vermochte, zu: ""Wir kommen bloß, um unsere friedliche Unterhandlung mit dem Regierungsrathe fortzusetzen; ich beschwöre Sie, beginnen Sie keinen Bürgerkrieg!"" Allein Hr. Uebel sprach kein Wort; wenigstens hörte ich keinen Ton, und sah seine Lippen sich nicht bewegen. ",,,,,,blaring; self-enhancement; ,Gewaltlosigkeit manifestierend,"Schweigen des ""Feindes"" (Major Uebel)",,Gewaltlosigkeit,,"Dragoner; Major Uebel, Regierungsrath; friedlich; ",,,Uebel,,,,,,,,,,,,,,,,,,,,,,,,,,,
234,143,1,79,"Vielmehr zog er sich mit seinen Dragoner ein Paar Schritte zurück, und schon hoffte ich, daß er absteigen und sich mit mir besprechen werde, das Einzige, was wohl in diesem Falle Mißverständnisse und Blutvergießen hätte verhüten können. ",,,,,,justification; ,Hoffnung auf Gespräch,"Rückzug des ""Feindes""",,,,Dragoner; Missverständnisse; Blutvergiessen; blut; zurück;,movement;,,,,,,,,,,,,,,,,,,,,,,,,,,,,,
234,143,1,80,"Allein er glaubte vielleicht, daß er vor den nun wirklich angehaltenen Stutzern [sic] meiner Leute weniger sicher sei, als ich zwischen diesen und den Pferden, Pistolen und Säbeln seiner Leute; kurz es geschah leider nicht. Dagegen sprengte er zum zweiten Mal auf uns ein, die wir unbeweglich still hielten, wieder der frühere Zuruf von mir, wieder keine Antwort, nochmaliger Rückzug.",,,,,,blaring; ,,"Angriff des ""Feindes""; wieder Schweigen als Antwort",,,,glaube; antwort;,,,,,,,,,,,,,,,,,,,,,,,,,,,,,,
234,143,1,81,"Alles bisher Erzählte weiß ich ganz klar und kann es bezeugen vor Gott dem Allwissenden. Nun aber drängten sich die einzelnen Umstände so schnell, daß ich in Beziehung auf den ersten Angriff nur noch erzählen kann, was ich nach eigener Erinnerung und vielfacher Besprechung mit Andern für das Wahrscheinlichste halte, indem ich zugleich bekenne, daß meine Ansichten zu verschiedenen Zeiten verschieden modifizirt [sic] wurden; das Folgende darf ich denn wieder Alles verbürgen. ",,,,,,entitlement; disclaimer; modesty;,Bezeugen vor Gott,Selbstreflexion bedarf Korrektur anderer unter chaotischen Umständen,Chaos,Gott der Allwissende; Wahrheit,,wahrheit; gott;,speculation; report; truth-completness,,,,,,,,,,,,,,,,,,"he includes a speculative report about the gaps of the events, things he has not experienced himself but consideres necessary to complete the whole picture",,,,,,,,,,,
234,143,1,82,"Als die Kavallerie zum dritten Mal aufsprengte, noch näher als nie vorher, immer mit gezücktem Säbel, soll aus unsern hintern Reihen hervor, übereinstimmend mit dem in manchen Andern sonst ganz unrichtigen Berichten des Hrn. Uebel selbst, ein Schuß aus einem Hause oder der Gasse von der Meisenseite, hervorgegangen sei; nun spornte ein Dragoner vor mir sein Pferd, und schwang seinen Säbel, um auf mich loszuhauen; dieses bemerkte einer der hinter mir stehenden Schützen, gab Feuer, und das Pferd fiel sammt [sic] seinem Reiter. Jetzt wandten die Dragoner die Pferde und feuerten bei ihrer Flucht rückwärts.",,,,,,modesty; burnishing;,Opferbereitschaft; keine Verteidigung oder Rückzug,"Dritter Angriff; Schuss zum Schutze von B.H.; Flucht des ""Feindes""",Schuss aus Haus oder Gasse von der Meisenseite,Gewaltlosigkeit (oder Lähmung vor Angst),,Kavallerie; Uebel; Dragoner;,movement;,,Uebel;,Meisenseite;,,,,,,,,,,,,,,,,,,,,,,,,,,
234,143,1,83,Mittlerweile war die Abtheilung unser Unbewaffneten unter dem [sic] zweitletzten Verse unseres Abschiedgesanges: [-12-],,,,,,burnishing;,,,unbewaffnetes Volk sing weiter,Gewaltlosigkeit oder Ansporn?,,Gesang; unbewaffnet;,,,,,,,,,,,,,,,,,,,again he emphasizes the indefese and non-violence of the people,,,,,,,,,,,
234,143,1,84,"Kein Sperling, Herr, fällt ohne Deinen Willen;",,,,,,,,,,Allwissender; Schicksal,,gott; wille,,,,,,,,,,,,,,,,,,,,,,,,,,,,,,
234,143,1,85,"Soll` ich mein Herz nicht mit dem Troste stillen,",,,,,,,,,,,,herz;   ,,,,,,,,,,,,,,,,,,,,,,,,,,,,,,
234,143,1,86,Daß Deine Hand mein Leben hält,,,,,,,,,,,,leben;,,,,,,,,,,,,,,,,,,,,,,,,,,,,,,
234,143,1,87,"von der oberen Brücke her auf dem Platze angelangt. Gegen diese wandte sich nun der Heldenmuth der flüchtenden Dragoner. Mit den Bewaffneten wollten sie nichts zu thun haben; es war bequemer, Unbewaffneten die Köpfe zu spalten.",,,,,,blaring; ,,"(angebliche) Feigheit der ""Feinde"" (Dragoner)",,,,Heldenmuth; Dragoner; unbewaffnet;,,,,Brücke; Platz;,,,,,,,,,,,,,,,,,,,,,,,,,,
234,143,1,88,"In diesem Augenblicke, da nun der Kampf einmal begonnen hatte, rief ich mit schwerem Herzen: ""Nun denn, in Gottes Namen, vorwärts!"" Zum Feuern forderte ich niemals auf; für den Nothfall hatten meine Leute hirzu [sic] ihre Führer.",,,,,,justification; ,Animation zum Kampf ABER nicht Führerrolle??,,"vorwärts und ""schiessen"" im Kampf ist doch wohl fast dasselbe?",Gewaltlosigkeit,AD (key sentence),gott; noth;,,,,,,,,,,,,,,,,,,,,,,,,,,,,,,
234,143,1,89,"Jetzt marschirte [sic] der ganze Zug neben dem unter seinem Pferde sich hervorarbeitenden Dragoner vorbei, ohne ihm ein Haar zu krümmen, gegen die Mitte des Platzes. Hier angelangt erfuhren wir erst recht die Schändlichkeit und Niederträchtigkeit der radikalen Gegenparthei. ",,,,,,blaring;,,beschuldigt Radikale der Ehrlosigkeit; deklariert Radikale als Feinde (pauschal),,Friede,BD,Dragoner; schändlich;,,,,,,,,,,,,,,,,,,,,,,,,,,,,,,
234,143,1,90,"Nicht offen, Mann gegen Mann, wagten sie zu kämpfen, sondern feige verkrochen sie sich in die Häuser und richteten ihre meuchelmörderischen Schüsse aus den sicheren, mit Jalousien versehenen Fenstern herab auf ihre Brüder *[4]). ",,,,,,blaring;,,beschuldigt Radikale der Feigheit und als hinterhältige Mörder,,Volk,BD,mann gegen mann; feige; meuchelmörder; brüder;,,,,,,,,,,,,,,,,,,,"he uses the word ""mord"" to give it a value ""feige""",,,,,,,,,,,
234,143,1,91,"Das Herz blutet mir, als ich rings um mich her die Meinigen fallen sah, meistens von Schüssen, die offenbar mir gegolten hatten. Mit Dank gegen Gott hätte ich jeden Schuß selber empfangen, ja ich sehnte mich darnach innig - es sollte nicht sein. ",,,,,,exemplifying; modesty;,fühlt sich verantwortlich für Tode (weil ihm gegolten),leidet mit den Gefallenen,,,,gott; blut; herz; die meinigen; dank; schuss;,,,,,,,,,,,,,,,,,,,,,,,,,,,,,,
234,143,1,92,"Doch was war nun zu thun? ich erinnerte mich an die oben erwähnte Angabe, daß das Zeughaus in den Händen der Stadt sei, rückte daher mit dem größten Theile der Bewaffneten gegen das gelbe Zeughaus vor, um dort mit der städtischen Wache, von deren guter Gesinnung ich überzeugt sein konnte, über die Bewaffnung meiner Leute mich zu verständigen; den kleinern Theil der Bewaffneten, welchem aber eine große Zahl der von der obern Brücke herkommenden Unbewaffneten führerlos [-13-] nachfolgte, ordnete ich an die Mündung der Poststraße, um unsern Rücken vor allfälliger Rückkehr der Dragoner zu sichern. ",,,,,,justification; ,ratlos; rationaler Denker; plant Bewaffnung?,schützt die Schwächeren,,Gewaltlosigkeit,AD  ,bewaffnet; gesinnung; meine Leute; Dragoner;,action; doubts;,,,Zeughaus; Poststrasse;,,,,,,,,,,,,,,,,,,,,,,,,,,
234,143,1,93,"Aber wie erstaunten wir, als wir von dem obern Theile des Zeughauses selbst her bei unserer Annäherung mit Schüssen begrüßt wurden. Somit bewies sich leider obige Angabe als irrig, und sie war es wirklich, in sofern als nur 40 Mann von der Bürgerwache ins Zeughaus zur Verstärkung der Regierungstruppen waren aufgenommen worden, der Oberbefehl aber immer unter der Regierung stand. Schnell war mein Entschluß gefaßt. ",,,,,,excuse;,,,Sicherung des Zeughauses stellt sich als irrig heraus,Wahrheit,,erstaunt; Zeughaus; Schüsse; Bürgerwache; Regierung; entschluss;,,,,Zeughaus; ,,,,,,,,,,,,,,,,,,,,,,,,,,
234,143,1,94,"Von Erstürmung jener Privathäuser, aus welchen auf uns geschossen wurde, konnte, so vielfach dieser Wunsch sich äußerte, keine Rede sei; denn dadurch hätten wir den Gegnern unserer heiligen Sache das Schwert in die Hände gegeben. ""Gesindel, Räuberhaufe [sic], Plünderung"" wäre das erste Wort gewesen. ",,,,,,exemplifying; blurring;,Wichtigkeit gewaltlos zu Handeln (Teil der Identität),,Begründung: warum Gerüchte der Gewalt falsch,Wahrheit; Gewaltlosigkeit,,Erstürmung; Privathäuser; Schuss; Gegner; heilig; Plünderung;,,,,,,,,P: counterfactual conditionals,,,,,,,,,,,,,,,,,,,,,,
234,143,1,95,Zudem was konnte damit erzweckt werden?,,,,,,,,,,,,Zweck;,,,,,,,,N: motif,,,,,,,,,,,,,,,,,,,,,,
234,143,1,96,"Nichts als das der Tod einiger schlechter Menschen, wahrscheinlich mit manchen Unschuldigen. ",Schuld,,,,,,pragmatischer Denker,,,Gewaltlosigkeit,,"wahrheit; goodness, guilt",defense of his true motives,,,,,,,L: context,,,,,,,,,,,,,,,,,,,,,,
234,143,1,97,"Ebenso wäre es tollkühn gewesen, die Zeughäuser mit so wenigen Bewaffneten zu erstürmen, zumal wir die Gewißheit hatten einer baldigen Verstärkung. ",,,,,,modesty; justification;,rationaler Denker,,,Gewaltlosigkeit,,Gewissheit; Verstärkung;,tactic,,,,,,,,,,,,,,,,,,,,,,,,,,,,,
234,143,1,98,"Endlich blieb mir noch übrig, dem Volke mitzutheilen, daß der Regierungsrath auf dem nahe gelegenen, unbewachten Postgebäude verweile, und ich gestehe zu meiner Schande, daß der Gedanke an diese Mittheilung, als eben einer der Meinigen an meiner Seite fiel, auf einige Sekunden Raum in mir gewann; ",,,,,,apology;,,,,Gewaltlosigkeit,,volk; die meinigen;,,,,,,,,,,,,,,,,,,,,,,,,,,,,,,
234,143,1,99,"doch bald erinnerte ich mich, wie leicht in solchen Verhältnissen der Unschuldige mit dem Schuldigen büßen könnte, und wie ein Keller und Ulrich noch frohlocken durften über solches Unheil. ",Schuld,,,,,self-enhancement;,widersteht der Versuchung auf Rache,,,,,"unschuldig; schuldig, busse; Keller; Ulrich; Unheil;",,,Keller; UlrichK,,,,,,,,,,,,,,,,,,,,,,,,,,,
234,143,1,100,"Deswegen sammelte ich meine Leute von allen Seiten her, so gut und so schnell ich konnte, namentlich auch aus der Poststraße, wo leider die Meisten der an jenem Tage Gefallenen ohne Führung dem Tode entgegen gegangen waren, und zog mich so geordnet als möglich rückwärts nach dem Neumünster, um dann, da einmal das Todeslos gefallen war, vereint mit unsern Brüdern vom See den Kampf wieder zu beginnen.",,,,,,justification; ,,,Rückzug und Sammlung mit der anderen Gruppe,Rational,,brüder;,,,,,,,,,,,,,,,,,,,,,,,,,,,,,,
234,143,1,101,"Hiermit ist eigentlich mein Antheil an den Begebenheiten des 6. Septembers zu Ende. Denn von nun an brachte der übrige Kanton, vornehmlich die Stadt und der See zu Stande, was der östliche Kantonstheil nothgedrungen begonnen hatte. '- Ich darf mich, da die folgenden Begebenheiten bekannt sind, kürzer fassen.",,,,,,,Berichterstatter,,,,,antheil; noth; Begebenheit; noth; ,responsibility; event,,,,individual failure,,leader,,"he defends the theory that there was no other possible way to act (""nothgedrungen"", ""Begebenheit"")",,,,,,,,,,,,,,,,,,,,,
234,143,1,102,"Währen unseres Rückzuges rückten die Stadttruppen vor. Dieses sowohl als der Tod des unvergesslichen Hegetschweiler, dessen Leben Tausende jetzt noch mit [-14-] ihrem eigenen erkaufen würden, bewog die Regierung, das Zeughaus nunmehr ganz der Stadt zu übergeben. ",,,,,,burnishing; other-enhancement;,,Bedauert Tod von Hegetschweiler,,,,Rückzug; vorrücken; Hegetschweiler;,,,Hegetschweiler;,,,,,,,,,,,,,,,,,,,,,,,,,,,
234,143,1,103,"Und als nun die Bewohner beider Seeufer, alle Züge völlig bewaffnet, weil sie aus unserem Schicksal sich eine Lehre gezogen, in der Stadt eintrafen, den allgemeinen Volkswillen jetzt auf alle Weise zu erreichen: da löste der Regierungsrath sich auf, und die radikalen Mitglieder flüchteten und verbargen sich größstentheils, die Einen dahin, die Andern dorthin,",,,,,,blaring;,,,Flucht der Radikalen,Volkswille,,volk;,,,,,,,,,,,,,,,,,,,,,,,,,,,,,,
234,143,1,104,"währen doch Jedermann sie nur verachtete, nicht beleidigte.",,,,,,blurring;,,keine Beleidigung des Feindes (?),,,,verachten;,,,,,,,,,,,,,,,,,,,,,,,,,,,,,,
234,143,1,105," - Mit allgemein Jubel wurde die provisorische Regierung begrüßt, und aus dem Tode unserer Brüder erblühte das Leben des ganzen Vaterlandes, nicht nur des engern, sondern auch des weitern, nämlich durch Befreiung der kleineren Stände von dem Joche der von einzelnen Radikalen selbst wieder unterjochten größern Stände.",,,,,,opinion conformity;,,Einbringen der restlichen Schweiz in die Szene,Jubel über provisorische Regierung; Symbol der Freiheit;,Vaterland; Freiheit;,,brüder;,,,,,,,,,,,,,,,,,,,,,,,,,,,,,,
234,143,1,106,Unmöglich kann ich jetzt länger von mir selber sprechen.,,,,,,modesty; blaring;,,,,,,wahrheit;,responsibility; event,,,,,,,,,,,,,,,,,,does this mean that he was not involved in the following or not responsible for it?,,,,,,,,,,,
234,143,1,107,"Die Lügen über meine fanatische Predigt im Fraumünster, die nicht anders war als eine Anrede an meine Kampfgenossen, die ich zu Ruhe und Ordnung und Unterdrückung jedes Rachegefühls aufforderte,",,,,,,blaring; justification;,kein fanatischer Prediger,,Lügen,Wahrheit,,wahrheit; Predigt; Ruhe; Ordnung; Rache,,,,,,,,,,,,,,,,,,,,,,,,,,,,,,
234,143,1,108,"über meine Forderung, den Oberlieutenant von Orelli uns auszuliefern, welche nur darin bestand, daß dieser ""pflichttreue Militär"", welcher, ohne Auftrag höherer Offiziere, Kartäschen gegen sein unbewaffnetes Volk loslassen wollte, des aktiven Dienstes mochte bis nach näherer Untersuchung entsetzt werden, was uns auch schriftlich bewilligt wurde, ",,,,,,blaring; justification;,,,Pläne auf das Volk zu schiessen (schriftlich bestätigt),,,Oberlieutenant Orelli; Schreiben; volk; treu;,,,,,,,,,,,,,,,,schriftliche Bewilligung ?,,,,,,,,,,,,,,
234,143,1,109,"und über so Manches, was der wahrheitsliebende, nicht ehrgeizige, Alles für das Vaterland, Nichts für sich selbst projektirende [sic] und demonstrirende [sic] Zürcherfreund Baumgartner v. Kons. vorgebracht,",,,,,,blaring; (ironisch),,,,,,Baumgartner v. Konstanz; freund; Zürcherfreund; liebe;,,,,,,,,,,,,,,,,,,,,,,,,,,,,,,
234,143,1,110,sind bereits von der öffentlichen Meinung gerichtet.,,,,,,,,,,,,freund; wahrheit; öffentliche Meinung,,,,,,,,,,,,,,,,,,,"does this mean, the opinion is already made?",,,,,,,,,,,
234,143,1,111,"Doch noch Einiges fühle ich mich verpflichtet, zur Beurtheilung meiner Leute, schließlich mitzutheilen, was so herrlich übereinstimmt mit der Ruhe und Ordnung, welche unser ganzes Volk bewiesen hat, obschon das Blut seiner Brüder meuchelmörderisch war vergossen worden.",,,,,,burnishing; ,,Brüder,,,,volk; ordnung; blut; brüder;,,,,,,,,,,,,,,,,,,,,,,,,,,,,,,
234,143,1,112,"Schon Morgens, bei unserer Ankunft in Oberstraß, war es allgemein bekannt, daß der dortige Wirth, Ziegler mit Namen, zu den eifrigsten Radikalen gehöre, und links und rechts erging die Frage: ""Ist es der, um dessentwillen die neue Straße so verkehrt angelegt wurde?"" ",,,,,,blaring;,,anschuldigungen an radikalen Wirt,,,,Radikale; Ziegler; Oberstass; ,corruption,,Ziegler,Oberstass,,,,,,,,,,,,,,,the building of a street has no direct link to this report and serves rather to degrade Ziegler,,,,,,,,,,,
234,143,1,113,"Nachts desto weniger hat er selber bezeugt, daß ihm während unseres Aufenthaltes nicht das Geringste beschädigt [-15-] und jeder Schilling bezahlt worden sei. Ja sogar, als in der Stadt, ob mit Recht oder Unrecht weiß ich nicht, das Gerücht umging, der Wirth habe vor unserm Einzug durch einen Expressen an die Regierung berichtet, ""daß es uns an Munition mangle, man solle sich nicht fürchten vor diesem Gesindel,"" so wurde mir bei unserem Rückzuge Angst um ihn; aber nicht einmal ein Schimpfwort wurde ihm zugerufen.",,,,,,burnishing; self-enhancement;,,"Besorgnis um Wirt, Radikaler wir aber in Ruhe gelassen",,Gewaltlosigkeit,,"schaden; ""jeder Schilling bezahlt""; recht; Munition; Gesindel; Angst; Schimpf;","honesty, good intentions; ",,,,,,,,,,,,,,,,,,,,,,,,,,,,,
234,143,1,114,"Ferner in Dübendorf erkundigte ich mich nachher bei dem Wirthe, wie es ihm bei unserm Marsche ergangen sei, und erhielt zur Antwort: ""Nicht nur habe er, obschon sein Haus die ganze Nacht hindurch vollgestopft gewesen sei, nicht über die geringste Veruntreuung sich zu beklagen gehabt, sondern bei dem Rückzuge seien sogar Mehrere gekommen, um ihn zu fragen, was sie schuldig seien, da sie Nachts vorher vergessen hätten zu bezahlen.""",Schuld,,,,,self-enhancement;,,Gewaltlosigkeit,,Gewaltlosigkeit,,treu; antwort;,,,,,,,,,,,,,,,,,,,,,,,,,,,,,,
234,143,1,115," - Dieses ist das Gesindel in schlechten Kleidern, wie die Radikalen das Volk benennen.",,,,,,physical appearance; blurring;,,,Volk kein Gesindel sondern Mündig,Freiheit,,volk;,,,,,,,,,,,,,,,,,,,,,,,,,,,,,,
234,143,1,116,"Endlich noch aus vielem Aehnlichen Eines: Unmittelbar nach Beginn des Kampfes machten mehrere meiner Schützen mir den Vorwurf, ""daß ich sie beim Andrange der Cavallerie nicht habe feuern lassen, denn es seien so viele der Ihrigen getroffen, von den Gegner sähen sie auch nicht Einen, und doch habe jeder von ihnen seinen Dragoner auf dem Korn gehabt!"" Ich bemerkte [sic] ihnen kurz, daß genug des Bruderblutes geflossen sei. Seither aber sind schon viele derselben zu mir gekommen und haben mir gedankt, daß ich sie von unnützen Morden bewahrt habe.",,,,,,justification; ,verhindert Schüsse; gewaltloser Führer,,,Gewaltlosigkeit,,wahrheit; Bruderblut; Mord; blut;,,,,,social,,,N: value,,,,,,,,,,,"he is against any kind of killing, especially within the own people, consideres this bellicious act as murder",,,,,,,,,,,
234,143,1,117,"Nun denn, nehmt zum Abschiede meinen Gruß in Gott, liebe Schweizerbrüder; möge diese aufrichtige Darstellung der Begebenheiten des 6. September Euch bewahren vor falschem und einseitigem Urtheil! Villeicht [sic] daß Mancher anders sich benommen hätte, aber, Gott sei mir gnädig, wenn ich irre! ich konnte nicht anders, und müßte wieder unter ähnlichen Verhältnissen gerade so handeln, wie ich gehandelt habe!",,,,,,modesty;,Berufung auf Gott und Wahrheit; ich konnte nicht anders,,so-sein,Gott; Wahrheit,,wahrheit; Urtheil; gott; liebe; brüder;,defense of his true motives,,,,,,,L: context,,,,,,,,,,,,,,,,,,,,,,
234,143,1,118,[-16-] NACHSCHRIFT,,,,,,,,,,,,,,,,,,,,,,,,,,,,,,,,,,,,,,,,,,
234,143,1,119,an meine Brüder geistlichen Standes.,,,,,,,B. als Geistlicher,,,Brüder,,brüder;,,,,,,,,,,,,,,,,,,,,,,,,,,,,,,
234,143,1,120,"""Alles dieses mag recht und gut sein; aber das gefällt mir nicht, daß ein Geistlicher, ein Verkündiger der Friedensbotschaft, wenn er auch noch blutigen Entscheid gewollt, doch in das Politische sich gemischt hat."" ",,,,,,,,,,Friede; Gewaltlosigkeit; Unvereinbarkeit von geistlichen und politischen Aktivitäten,,friedlich; blut;,,,,,,,,,,,,,,,,,,,,,,,,,,,,,,
234,143,1,121,Meine Brüder! ich könnte mit menschlichen Verstandesschlüssen wahrscheinlich vor der Welt und vor Euch mich rechtfertigen; aber - Ihr habet dennoch recht. ,,,,,,,,,,,,wahrheit; brüder;,"divergent thinking, responsibility; inner conflict",,,,,,,N: value,,,,,,,,,,,"resuming, this writing expresses his inner conflict not having been able to act according his norms of non-violence",,,,,,,,,,,
234,143,1,122,"Wohl sind wir evangelische Prediger zugleich Bürger wie alle anderen Bürger; war für diese erlaubt ist, ist auch für uns erlaubt und umgekehrt. Aber dennoch gibt es eine gewisse zarte Grenzlinie, welche von mir ist unleugbar überschritten worden. Das fühlte ich wohl, schon vor dem erste Klange der Sturmglocke; dennoch konnte ich nicht anders; niemand war da, der handelte, und doch mußte so schnell als möglich gehandelt werden. ",,,,,,,Prediger als Burder; aber Verantwortung aufgrund der Führerschaft; aber ich konnte nicht anders,,,Gewaltlosigkeit,,evangelische Prediger; Bürger; Grenzlinie; Sturm,frontier,,,,,,,N: frontier,,,,,,,,,,,,,,,,,,,,,,
234,143,1,123,"Darum glaubte ich mehr höchstes Gluck auf Erden , das Arbeiten am Weinberge des Herrn, opfern zu sollen dem allgemeinen Besten und dem Heile des Vaterlandes. Bei meinem Wegzuge von Pfäffikon glaubte ich diese gegen mich Liebe um Liebe tauschende Gemeinde jedenfalls zum Male letzten Male als Seelsorger gesehen zu haben; denn entweder gelang de beabsichtigte Demonstration ich, und dann hatte ich von den Gegnern der Volkssache Alles zu riskiren [sic], oder sie gelang - dann dachte ich, kannst du wohl als Bürger dich rechtfertigen vor Gott und dir selber, als Pfarrer von deiner Gemeinde weniger leicht. ",,,,,,,Verteidigungsargument: Liebe,Liebe zum Volk,,Gewaltlosigkeit,BD,volk; gott; liebe; Pfarrer; glaube; Pfäffikon;,,,Pfäffikon;,,,,,,,,,,,,,,,,,,,,,,,,,,,
234,143,1,124,"Aber wer da wüßte, mit welcher Zärtlichkeit ich bei meiner Heimkehr wieder empfangen worden bin, wie nicht nur das ganz erleuchtete Dorf und viele Hunderte von Kindern, die mich mit Lichtern in Händen begrüßten, sondern mit welchem Händedruck und welchem unbedingtem Zutrauen selbst die Anverwandten der im heiligen Kampfe Gefallenen mich baten, sie doch nicht zu verlassen, der würde begreifen, warum ich mich verpflichtet halte, bei den Meinigen zu verbleiben, um aus dem irdischen Tode der lieben Einzelnen das ewige Seelenheil der ganzen Gemeinde mit Gottes Gnade immer herrlicher aufblühen zu machen. ",,,,,,,Geliebter vom Volk; einer vom Volk (den Meinigen); Opferbereitschaft,,,,,gott; liebe; die meinigen;,,,,,,,,,,,,,,,,,,,,,,,,,,,,,,
234,143,1,125,In dieser Blühte allein liegt ja meine Entschuldigung vor dem Throne des Allmächtigen.,Schuld,,,,,,Entschuldigung vor Gott,,,,,entschuldigung; gott;,,,,,,,,,,,,,,,,,,,,,,,,,,,,,,
234,143,1,126,"[1] *) Das Maximum in früheren Wahlversammlungen war um 23,000.",,,,,,,,,,,,Versammlung;,,,,,,,,,,,,,,,,,,,,,,,,,,,,,,
234,143,1,127,"[2] *) Seither habe ich noch die erweisliche Kunde erhalten, daß an demselben Abend, an welchem wir den Landsturm eröffneten, die Radikalen des östlichen Kantonstheils, z.B. von Wald, zum Aufbruch nach der Stadt sich bereit machten, und einzig durch unser Sturmläuten davon abgehalten wurden. Ebenso vernehmen wir erst jetzt, daß die Radikalen aus dem Bezirke Bülach theils im Anmarsche waren, theils zum Abzuge sich bereit machten. Andere noch bestimmtere Nachrichten stehen zu Diensten, sobald es gewünscht wird. Für einmal glauben wir der implizirten [sic] Personen schonen zu sollen.",,,,,,,,,,,,glaube;,,,,,,,,,,,,,,,,,,,,,,,,,,,,,,
234,143,1,128,"[3] *) Nunmehr hat es sich erwiesen, daß jene Neuerung des Herrn Weiß nicht einmal eine Unwahrheit, sondern leider wirkliches bestimmtes Vorhaben war der radikalen Regierungsparthei in Verbindung mit dem volksfeindlichen Siebner-Concordat. ",,,,,,,,,,,,feind; wahrheit; Weiss; Gründe; volk;,truth,,,,,,,N: motif,,,,,,,,proves?,,,"he seems to have proves for his suspicion about Weiss and a kind of conspiration, but never concludes publishing them.",,,,,,,,,,,
234,143,1,129,"Politische Gründe hindern mich, für einmal näher darüber einzutreten. Später soll die Sache jedenfall ans Tageslicht kommen.",,,,,,,,,,,,gründe; Tageslicht;,truth,,,,,,,N: motif,,,,,,,,,,,"he seems to have proves for his suspicion about Weiss and a kind of conspiration, but never concludes publishing them.",,,,,,,,,,,
234,143,1,130,"[4] *) Dagegen ist es mir eine freudige Pflicht, öffentlich auszusprechen, daß meine Schützen mit mir bemerkt haben, wie mehrer Dragoner bei der Flucht ihre Pistolen in die Luft abfeuerten. Zugleich ist zu bemerken, daß die Infanterie schwerlich dem Befehle von H. Oberst Sulzberger gehorcht haben",,,,,,,,,,,,freude; pflicht; öffentlich; Dragoner; Flucht; Sulzberger,,,Sulzberger;,,,,,,,,,,,,,,,,,,,,,,,,,,,
234,143,1,131,"würde, wenn sie gewußt hätten, daß dieser radikale Held ein Paar Stunden später als galantes Fräulein in Schleier und Korset [sic] seine Ehre beweisen werde.",,,,,,,,,,,,held; ehre;,feigheit,,,,,,,U: analogy,,,,,,,,,,,he degrades the whole radical movemente and their motifs with this analogy to one of their leaders.,,,,,,,,,,,
