Author,Biblio,Transcript,Unit,text,invivo,chronology,people,places,comments,footing (IM),encounter,PC,Dramatica,StoryPoint,Character Building,MC Choices,Plot Choices,Theme Choices,Illustrating,Theme Development,Scene No.,Scene Title
367,222,10,1,Das Leben der Katharina Morel-Peyer geb. Kaufmann (1790-1867),,,,,,,,,,,,,,,,,,
367,222,10,2,laut ihrer Erinnerungsschrift „Mémoire“,,,,,,,,,,,,,,,,,,
367,222,10,3,Referent: Prof. Dr. Kaspar von Greyerz,,,,,,,,,,,,,,,,,,
367,222,10,4,"Verfasserin: Muff, Silvia",,,,,,,,,,,,,,,,,,
367,222,10,5,[Kapitel] 2.3. Transkription der „Mémoire“,,,,,,,,,,,,,,,,,,
367,222,10,6,Memoire,,,,,,,,,,,,,,,,,,
367,222,10,7,für Chaterin Kaufman,,,,,,,,,,,,,,,,,,
367,222,10,8,"[1] 109 Geboren den 23 May [*111] alhier Luzern zum Stein [*112], welche meine Altern besorgten. ",,23/05/1790,Franz Kaufmann; Catharina Götti;,,,,,,,,,,,,,,,
367,222,10,9,"Mein lieber Vatter, war, von Horb [Horw], ",Stein,,Franz Kaufmann,Horw,,,,,,,,,,,,,,
367,222,10,10,"meine Mutter Catharina Götti von Krienss,",,,Catharina Götti ,Kriens,,,,,,,,,,,,,,
367,222,10,11,"später kauften Sie die Wirthschaff zum Kreüz wo ich erzogen wurde, und in die Schulle geschikt.",Kreuz,,,,,,,,,,,,,,,,,
367,222,10,12,"im 8ten Jahre musste schon Servieren helfen, die hohen Steinnern Treppen hinauf den Wein",,1798,,,,,,,,,,,,,,,,
367,222,10,13,"in Strohflaschen tragen, meiner Mutter selig die Hausrechnung besorgen da Sie nicht schreiben und Rechnen konte, wie es damals war und doch war Sie die Tochter eines Krämers [*114] damals war. ",,,Catharina Götti ,,,,,,,,,,,,,,,
367,222,10,14,"An den Dinsttagen war es Wochen da hatten wir um [2] 11 Uhr ein MittagEssen, Ordinari [*115]",,,,,,,,,,,,,,,,,,
367,222,10,15,"wie selbes genant wurde. Da kamen die Müller, Fruchthändler oft 25 bis 30 Personen, speisten, mit einem 1116 Schob [*117] Wein dazu für 10 Batzen [*118] bezalt. ",,,,,,,,,,,,,,,,,,
367,222,10,16,"Mein Vatter war ein Leidenschaftlicher Jäger, sprach Französisch und Englisch, was eine grosse Seltenheit war. Er hatte 10 Jahr in Giberaltar [Gibraltar] in England zugebracht -. ",,,Franz Kaufmann,Gibraltar; England,,,,,,,,,,,,,,
367,222,10,17,"In der selben Zeit wurde viel von denen Länder[*119] gesprochen, die selben wollen die",,,,,,,,,,,,,,,,,,
367,222,10,18,Stadt überrumplen den Krieg erklären. [*121] ,Krieg,,,,,,,,,,,,,,,,,
367,222,10,19,"Eines Tages sprach man die Länder sind da, es war an einem Sontag. Mein Vatter war mit noch andern Freunden entflohen da gedroht wurde, man woll Sie Köpfen [*122]. ",Tod,,Franz Kaufmann,,,,,,,,,,,,,,,
367,222,10,20,"Zu der kirche [3] haben Sie mit Gewehr ein feston [*123] vor der gemacht thur [*124], vor der Thür aufgestelt, so das man Sie gefangen nehmen konte, man mit Energie, da gewesen.",,,,,,,,,,,,,,,,,,
367,222,10,21,"Ich weiss mich nur einzelne Sachen zu unter andrem, das die Franzosen an einem Abend An langten, und nur 18 Mann Einquartier erhalten ich sah verschidenes das gestohlen war, Rothe Unterröck Schlaf Röcke, in Schlaufsäcke [*125] ein gehenkt, Haar nadlen die dort getragen wurden, kurz verschidenes, ",,,Franzosen;,,,,,,,,,,,,,,,
367,222,10,22,"Mein Vatter kam nach hause, die Wirthschaft ging gut, ",economic wealth,,Franz Kaufmann,,,,,,,,,,,,,,,
367,222,10,23,"Ich erinner mich, dass die Rede war, der Schnitz bei Stansstadt [Stansstad] sei angezündet, von denen franzosen da bin ich mit dem Vatter [4] nach Winckel [*127], wie vielle Menschen und konte der Brennende an sehen, der nicht ganz abgebrant ",,,Franz Kaufmann; Franzosen;,Stansstad; Winckel,,,,,,,,,,,,,,
367,222,10,24,"In selber Zeit wurde auch ein grosses Fest auf dem Mühlen Platz, ein groser Balcken von Herr Dokrot Elmigers Haus [*130] lang, bis zum Falcini Haus [*131], der Balcken wurde mit Blumen, und Bänder geziert, Mitten vom Platz wurde eine Tribüne auf gestelt, mit 2 breiten Treppen auch Pracht voll geziert, so wie alle Fenster Dekoriert ",,,Elmiger; Facini;,Mühlenplatz,,,,,,,,,,,,,,
367,222,10,25,"Da kam Herr Dockter Salzmann [*132] selig zu uns, fragte in der Wirthsstuben, hat Euer Katrinchen ein weises Kleidchen, O ja die Antwort ich hüpfte und sprang in die Luft, den aus 3 Klasen wurden [5] 18 Mädchen verschidener Klasen Alter beordet zu diesem Patriotischen Feste [*133], mit weisen Kleidern und grüne Schleifen, 6 mit Rothen banden und 6 mit Gelben, unsere Aufgabe war, zu der hinauf die mussten Kränze auf hängen, 6 die Streüss und 6 die runde Kränze aufhängen aus Körbchen den Weg bestreun. ",weisses Kleid,,Salzmann; ,,,,,,,,,,,,,,,
367,222,10,26,"Dan kam Joseph Gugenbühler [*134] der spätere Oberist der Freyscharen [*135] mit einem franzosen Knab, Arm in Arm die sich Küssten, oben angekommen und Umarmung, ein jeder setzte dem anderen einen Lorberkranz auf den Kopf, die Musick spielte. ",,,Joseph Gugenbühler; Franzosen;,,,,,,,,,,,,,,,
367,222,10,27,"Nachher hatten wir Kinder, im Meyenrissli [*136] hinder Stuben ein kleines Abend Essen [6] ",,,,,,,,,,,,,,,,,,
367,222,10,28,"dan in den Garten Vis ä vis von Herr Göldlin [*137] Im Ober Grund wurde selben Abend der Linden- Garten [*138] beleuchtet, ",,,Herr Göldlin;,,,,,,,,,,,,,,,
367,222,10,29,"Meine Altern hatten dort eine Wirthschaft gehalten es wurde Öfentlich getantz, ein Bretter Boden aufgeschlagen, das war freüde. ",,,Franz Kaufmann; Catharina Götti;,,,,,,,,,,,,,,,
367,222,10,30,Mir Kinder der Franzos in der Mitte haben auch noch eine Spazier Gang dort hin gewagt.- ,,,Franzosen;,,,,,,,,,,,,,,,
367,222,10,31,"Auch Erinner mich das meine Schwester 1 ½ Jahr jünger als ich mit einem Herrn, der bei uns Logierte, namens Berchdolt Tiroler ein Bett federn Handlung führte auf dem Korn marckt an ein Masken Ball mitgenomen wurde, mir durften nur 2 Stunden dort sein das Lokal war unterm Jesuiten B. [*139]  wo dato der Musick Saal [*140] ist, das [7] das war eine freüde für uns",,,Anne-Marie; Berchdolt Tiroler; Jesuiten,,,,,,,,,,,,,,,
367,222,10,32,dan musste braf gelernt werden,,,,,,,,,,,,,,,,,,
367,222,10,33,"Zu der Zeit sind wir noch in Maria Hilf [*141] in die Schulle. Ohne mir zu schmeicheln, musste Bekenen das ich gut auswendig lernte.",Maria Hilf; Schule,,,,,,,,,,,,,,,,,
367,222,10,34,"Wan am Samstag ein Kind in unser Klase, seine Aufgabe das Evangelium in der Kathi [*142]  nicht Aus wenddig gelernt, so musste ich es übernehmen und laut aufsagen",Schule;,,,,,,,,,,,,,,,,,
367,222,10,35,"Später war die Schulle [*143] , im Äussern Wegis [*144] , beim Eyhördli Brunnen [*145]",Schule;,,Eyhördli Brunner,,,,,,,,,,,,,,,
367,222,10,36,Den 4 Aprill starb meine Mutter an einer früh geburt ano [*146],,1800,Catharina Götti ,,,,,,,,,,,,,,,
367,222,10,37,"Sie war 31 Jahre Alt, eine brafe gute Hausfrau und schöne Wirthin Bedauret von jederman. ",,,,,,,,,,,,,,,,,,
367,222,10,38,"Ich erinnre mich, das ich sie im Sarge an einem Dienstag Morgen in der Gaststube [8] Liegen sahe, es war damals, Sitte das man die Toten in den Häusern abholte sie tragen musste.-",,,,,,,,,,,,,,,,,,
367,222,10,39,"Mir waren 5 Kinder 3 Brüder 2 Schwestern, ich war 10 Jahre Alt, konte gut Schreiben und Lesen, ",Comunion,,,,,,,,,,,,,,,,,
367,222,10,40,"hate die erste Comunion erhalten, wahrend die Mädchen in meiner alle mit 11 Jahr die erste empfangen durften ",,,,,,,,,,,,,,,,,,
367,222,10,41,Mein Vatter konte die Wirthschaft nicht lange fortführen  [*147] und so kamen mir aus ein ander. ,Not,,Franz Kaufmann,,,,,,,,,,,,,,,
367,222,10,42,"Ich kam zu einem Onckel, Bruder der Mutter selig auf Krienss, die Base eine ausgezeichnete Näherin war, vielle Arbeit in die Junckers Heüser hin brachte, ich lernte Nähen, ",,,Catharina Götti; Base,,,,,,,,,,,,,,,
367,222,10,43,ein paar 100 Franken die mir von der Mutter selig bekamen wurde dazu verwendet,,,Catharina Götti ,,,,,,,,,,,,,,,
367,222,10,44,Mein Onckel war ein Nagelschmid [9],,,,,,,,,,,,,,,,,,
367,222,10,45,"Er war früher auch in franckhrich [Frankreich] in Fremden Diensten, ",,,,,,,,,,,,,,,,,,
367,222,10,46,"es war nur eine Tochter da, die zircka 12 Jahre alt war. ",,,,,,,,,,,,,,,,,,
367,222,10,47,"Meine Baase suchte mir eine stelle, die Sie gefunden, ich kam zum Wilden Mann148, der Wirth ein Herr Müller149, hatte keine Kinder, ich musste den Keller besorgen, Aufwarten, und die Haus Rechnung führen ",,,,,,,,,,,,,,,,,,
367,222,10,48,"Herr Muller war Lohn Gutschner [Lohnkutscher], hatte 6 bis 12 Pferdt 3 Knechten, die 3 Tage für auf Basel zu fahren bezalt wurden, ich rechnete Oft mit denselben ab. ",,,Herr Müller; ,Basel,,,,,,,,,,,,,,
367,222,10,49,"Die Wirths Leüte lebten nicht in bester Harmonie, Gäste hatten sie viel, ",,,Wirtsleute,,,,,,,,,,,,,,,
367,222,10,50,"An der Romfarth [*150] musste ganz allein die hindern Stuben sein, 2 lange Tische Bewirthen, ",,,,,,,,,,,,,,,,,,
367,222,10,51,"der Erlöss in diesen Tagen warf den Hauszins ab. -[10] 400 Gulden musste bezalt sein, an einen Geistlichen, den man Sternen Herr betitlete. ",,,,,,,,,,,,,,,,,,
367,222,10,52,"Nach 3 Jahren forderte meine Base mich zurück, ",,,Base;,,,,,,,,,,,,,,,
367,222,10,53,"bis sich eine Stelle zeigte, musste ich auf Schwitz [Schwyz], zu einem Fisch Spezerei Handlung, ",,,,Schwyz,,,,,,,,,,,,,,
367,222,10,54,"meine Base begleitete mich Morgen 5 Uhr, zum Ruder franz, der das Post Schiff leitete, damals war das Schiff ein paar stunde auf dem See, beim Sonnen Stall, fuhr es ab, ich Weinte beim Abschied. ",,,Base; Ruder Franz,,,,,,,,,,,,,,,
367,222,10,55,Frau Base empfahl mich dem Schiffmann ,,,Base; Ruder Franz,,,,,,,,,,,,,,,
367,222,10,56,"Ein Artiger freündlicher Herr setzte sich zu mir, fragte nach meiner Reise. ",,,Herr St. Gersau,,,,,,,,,,,,,,,
367,222,10,57,Nach Schwitz die Antwort dort bin ich auch zu Hause. ,,,Herr St. Gersau,,,,,,,,,,,,,,,
367,222,10,58,"Heisse Herr St. Gersau wo man sich Aufhalt, Bewirthete Er mich mit Cafee, ",,,Herr St. Gersau,,,,,,,,,,,,,,,
367,222,10,59,"als wir uns wieder Eingeschift, fragte [11] Er ob ich Ihn heirathen wolle? So köne auf seine Rechnung etwas Lernen, Sprache, müse Nur mich versprechen, dan wolle er 2 Jahr zu warten, ",,,Herr St. Gersau,,,,,,,,,,,,,,,
367,222,10,60,"Dazu habe noch keine Lust, war die Antwort. ",,,,,,,,,control,,,,,,,,,
367,222,10,61,In Brunnen im Adler wurde abgeholt.-,Adler,,,Brunnen,,,,,,,,,,,,,,
367,222,10,62,"In meinem Platze gefiel es mir nicht, ob schon keine Kinder da waren, die nicht artig, ein ganz kleines Geschäftli.-",Kinder,,,,,,,,,,,,,,,,,
367,222,10,63,"Von Schwitz kam ich zur Ilgen [*151] Pfistergas als Aus hilf zum Servieren, ",,,,Schwyz; Pfistergass,,,,,,,,,,,,,,
367,222,10,64,"es war eine gute Wirt schaft, keine Kinder, ",Kinder,,,,,,,,,,,,,,,,,
367,222,10,65,"Mir hatten die Kupferschmied Zunft, zur selben Zeit kamen die Gesellen, Arbeiter von der Zunft, zum Trinken, ",,,,,,,,,,,,,,,,,,
367,222,10,66,"da lernt einen jungen Satler kenen, der in Begleitung seines Bruders, ein Kupfer-[12] schmid Meister oft zu uns kam, ",,,Heinrich Peyer; Thomas Peyer,,,,,,,,,,,,,,,
367,222,10,67,"welcher mich oft neckte, ",,,,,,,,,,,,,,,,,,
367,222,10,68,"weil ich Bekantschaft mit einem Rubitschor [*152] Kupferschmied Gesel von Uri einige Zeit unterhalten, Als Er abreiste, versprach Er zu schreiben, aber es kam kein Brief, wan schon ewige Treüe versprochen war.",,,Rubitschor,Uri,,,,,,,,,,,,,,
367,222,10,69,"Kupferschmied Peyer war, Arbeitete an der Eisengass. ",,,Thomas Peyer,Luzern; Eisengass,,,,,,,,,,,,,,
367,222,10,70,"Er war mit einer Frl. Nanette Pfifer von Wiher, Tochter des Juncker Jost Pfifer auf dem Weinmarckt verheirathet, ",,,Nanette Pfyffer; Jost Pfyffer,Wiher,,,,,,,,,,,,,,
367,222,10,71,dieser hat sein junger Bruder Heinrich Peyer Sattler Meister stets aufgemuntert mich zu heirathen. ,,,Heinrich Peyer,,,,,,,,,,,,,,,
367,222,10,72,"Allein die Verwanten meines Geliebten, wollten Einwilligung zur Hochzeit nicht geben, ",,,,,,,,,control,,,,,,,,,
367,222,10,73,"Heinrich war der jüngste Sohn, des Schultheiss Peyer [*153] selig, hielt Wohnung und Laden. 2 Gesellen auf dem WeinMarckt ",,,Heinrich Peyer;,,,,,,,,,,,,,,,
367,222,10,74,"es wurde dem Herr Stadt Pfarrer Müller [*154] selig einen Besuch gemacht, unser Anliegen [13] und Wunsch ",,,Pfarrer Müller,,,,,,,,,,,,,,,
367,222,10,75,Er fragte mich? Sind Sie 16 Jahre Alt? ,,,,,,,,,,,,,,,,,,
367,222,10,76,"Ja verzeihen Sie, noch 6 Wochen dazu, ",,,,,,,,,,,,,,,,,,
367,222,10,77,"Peyer zeigte Ihm eine Abschrift, die er von seinem Bruder erhalten, das sein Vermogens Zustand an zeigen leider war es nicht gross ",,,Heinrich Peyer,,,,,,,,,,,,,,,
367,222,10,78,"Herr Pfarrer sagte, Die Tochter kenn ich, Sie hat eine Brafe Mutter gehabt ",,,Catharina Götti; Pfarrer Müller;,,,,,,,,,,,,,,,
367,222,10,79,"wan auch schon kein Vermögen da ist Sie ist noch jung, ich sollte es nicht Erlauben, das sie schon heirathet ",,,,,,,,,,,,,,,,,,
367,222,10,80,"werde dem Herr Pfarrer in Willisau schreiben, das Er mit den Verwanten unterhandlet, wan ich gute Nachricht von seiner Aufführung ein Vetter, Mahler Hecht Willisau wurde von Peyer nach Willisau geschikt, mit meinem Portre [Portrait], um Nach- zu fragen, was Herr Pfarrer für ein Resuldat ausspreche. ",,,Pfarrer in Willisau; Vetter Hecht;,Willisau,,,,,,,,,,,,,,
367,222,10,81,"Die [14] Erlaubnis kam, und das Hochzeit fest gesetz auf den 4 In der Hof kirche [*155] gehalten. ",,,,,,,,,,,,,,,,,,
367,222,10,82,"Es waren bei 20 Personen anwesend, eine Tante von Willisau war da, die Kanonier wo Heinrich auch Mitglied war, sind auf den Gütsch mit Kanonen gezogen, als die erste Gutsche auf der Reüssbrück kam, Donnerte es furchtbar am Gütsch [*156], das Hochzeit Essen war im Rothen Bad [*157], die WirthsLeüte waren Junker von Sursee, wurde wacker getantz",,,Kanonier; Heinrich Peyer;  Tante von Willisau,Gütsch; Reussbrücke; Rothen Bad; Sursee,,,,,,,,,,,,,,
367,222,10,83,Nachmittag kam Herr Alt schultheiss Vizenz Ruttimann [*158] Landammann,,,Vizenz Rüttimann,,,,,,,,,,,,,,,
367,222,10,84,"Er angeschierte die Braut für 3 Tänze, die nach damaliger Sitte Ihm ganz allein zu wurde ",,,,,,,,,,,,,,,,,,
367,222,10,85,"Den folgenden Tag fuhren wir nach Emen [Emmen], zum Herr Pfarrer und Sextar [*159] Hecht., wo wir gut, bewirthet [15] wurden. ",,,Pfarrer; Sextar Hecht,,,,,,,,,,,,,,,
367,222,10,86,"Am 2 Tag fuhren wir nach Willisau, wo ich Abends 9 Uhr mit Angst und Zittern bei meiner Schwieger Mamma Frau Alt Schultheiss Peyer geb. Arnold160 von Sollothurn anlangte, ",,,,Willisau,,,,,,,,,,,,,,
367,222,10,87,"Sie war schon zu Bette, verlangte mich zu sehen und mass mich mit grossen Augen, wurde aber freundlich über ",,,,,,,,,,,,,,,,,,
367,222,10,88,"Der folgende Tag wurde meinem Schwager, Thomas Peyer [*161] Amtschriber und Gross Rath vorgestellt. ",,,Thomas Peyer;,Willisau,,,,,,,,,,,,,,
367,222,10,89,"Er wolte das mein Mann sich in Willisau Etablieren solte, Als Genoss Bürger ",,,,,,,,,,,,,,,,,,
367,222,10,90,"so kehrten wir zufriden nach Luzern zurück, über Sursee, Egerschwil gab es immer einen Halt, für die Luzerner. ",,,,Luzern; Sursee; Egerschwil,,,,,,,,,,,,,,
367,222,10,91,"Im October siedelte man sich dort an, mein Mann machte schlechte Geschäfte in Willisau die Arbeit wurde nicht bezalt. ",,,,,,,,,,,,,,,,,,
367,222,10,92,"Oft im [16] Taglohn Arbeiten, mit dem Gesell. ",,,,,,,,,,,,,,,,,,
367,222,10,93,"So kam es, als die Musick vom 2ten Schweizer Regiment, durch die Schweiz ge zogen, mein Mann Lust bekam, sich zu Angagieren, das auch geschehen für 4 Jahre, als Musikant 20 Nov ",,,,,,,,,,,,,,,,,,
367,222,10,94,"Er reiste ab und ich zur Tante auf Krienss, es kamen Briefe dass Er zu frieden sein würde, wan ich nach Marseillie [Marseille] wollte, war auch nicht gern zu Hause und allein, und so hatte auch grosse Lust zum Reisen.",,,Base,Krienss; Marseille,,,,,,,,,,,,,,
367,222,10,95,"Anno den 19 verliess ich Luzern und kam den 29 in Marsellie an, ",,,,,,,,,,,,,,,,,,
367,222,10,96,"Mein Mann führte mich zu Herrn Oberist Segesser [*163] von Luzern, ",,,Segesser,,,,,,,,,,,,,,,
367,222,10,97,Dieser fragte mich können Sie Kochen?,,,,,,,,,,,,,,,,,,
367,222,10,98,"0! ja die Antwort, ein Luzerner Kochbüchli hate bei mir, ",,,,,,,,,,,,,,,,,,
367,222,10,99,"ich erhielt ein Zimer, in der [Kaserne] Fort S. Nicolai, ",,,,Fort S. Nicolai,,,,,,,,,,,,,,
367,222,10,100,"ich [17] mich für Kostgenger einrichten ob wohl ich ein dunckles Zimmer be kam, gab die Kost den UnterOizier",Kostgenger,,,,,,,,,,,,,,,,,
367,222,10,101,"An einem Morgen Donnerten die Kannonen, Oben unserm Zimer früh ",,,,,,,,,,,,,,,,,,
367,222,10,102,"Die Kaiserin Marie Louise [*164] war mit einem Sohn, dem König Rom nieder gekomen",,,Marie Louise; Napoleon II,,,,,,,,,,,,,,,
367,222,10,103,"Oben unser Zimer war der Rampart [*165], ",,,,,,,,,,,,,,,,,,
367,222,10,104,"ein grosses Fest wurde gefeyert, am Abend Illuminazion, Wein flüss in Strömen Theather Gratis aller Art Fest",Theater;,,Rampart,,,,,,,,,,,,,,,
367,222,10,105,"Da ich mich stets mein Zimmer beklagte, erhielt ich eines auf dem Rampart, wo ich ganz schön nach den Quaranten blicken konte, wo man die Matrossen, auf den Segelbaum hinauf und hinunter Bewegen sieht",,,Rampart,,,,,,,,,,,,,,,
367,222,10,106,"Ein von Freünd von Peyer Luzerner Singer machte mir eine kleine Kochherde, ",,,Heinrich Peyer; Singer;,,,,,,,,,,,,,,,
367,222,10,107,"ein [18] Sapeur166 holte täglich für einige Ofizier das MittagEssen ab, in das Pavilion",,,,,,,,,,,,,,,,,,
367,222,10,108,wo die Herr Ofizier Logierten. ,,,,,,,,,,,,,,,,,,
367,222,10,109,"Ein mal mussten wir schnell auf Toulon, aber nur 14 Tage, wir hatten 15 Stunden Anhaltet marschiert. ",,,,Toulon,,,,,,,,,,,,,,
367,222,10,110,"29. Juli 1810 Kam ich im Hotel de Baeu Vauex [Beaulieux?] an, ",Hotels Beaulieux,29.07.1810,,,,,,,,,,,,,,,,
367,222,10,111,war ein,,,,,,,,,,,,,,,,,,
367,222,10,112,"Jahr ganz Ruhig dort, Arbeitete den ganzen Tag, und Abend besuchte manchmal das Theather. ",Theater;,,,,,,,,,,,,,,,,,
367,222,10,113,"Die Reise und Aufenthalt in Marseille ist im ersten Büchlein167 beschrieben, ",,,,Marseille,,,,,,,,,,,,,,
367,222,10,114,"bis an den Aufenthalt in Gouda, wo mir einige Zeit in der wohnten, nach dem Heinrich auf seine Entlassung abwarten mussten. ",,,Heinrich Peyer;,,,,,,,,,,,,,,,
367,222,10,115,Bis [*168] Er mit der Arbeit von den Habersäcken [*169] oder Tornister fertig war und etwas verdient hatte. ,,,,,,,,,,,,,,,,,,
367,222,10,116,"Da kam Ihm der Gedanken, 2 Pferdt zu [19] Kaufen für die Heimreise und ein Reise Wagen, ",,,,,,,,,,,,,,,,,,
367,222,10,117,"Da half alles Ab rathen nichts, ",,,,,,,,,,,,,,,,,,
367,222,10,118,die Pferdt werden gut verkauft in der Schweitz werden ,,,,,,,,,,,,,,,,,,
367,222,10,119,"Mit den Tornistern wurde 400 florin170 verdient, so das mir mit Kost und Arbeit den 1 May 2800 florin Geld Erspart. ",,,,,,,,,,,,,,,,,,
367,222,10,120,"Im September Wurden für 1 Pferdt und Wagen St bezalt für Geschir und ein Kommet171 xx172 ein 2tes Pferd nebst Unterhalt bis zur Abreise, und Pferdt Eisen Trinckgeld für den Ankäufer - 420 florin.",,,,,,,,,,,,,,,,,,
367,222,10,121,"Natürlich war ich sehr erbost für die Auslagen, aber alles half nichts",,,,,,,,,,,,,,,,,,
367,222,10,122,"Nun noch die Reise Kosten, mir waren 21 Tage auf der Reise. ",,,,,,,,,,,,,,,,,,
367,222,10,123,"Herr Rudolf Rüttimann und Christof Rüttimann OberLeutnant von Luzern, waren im Wagen bei uns, es wurden kleine Tagreisen gemacht, die Strassen schlecht, bald [20] fehlte es einem Pferdt, das Eisen abge- oder sonst vom Kommet gedruckt, etwas, das mir wenig vorkamen. ",,,Rudolf Rüttimann; Christof Rüttimann; ,,,,,,,,,,,,,,,
367,222,10,124,"Mir Reisten über Antwerben [Antwerpen], Löwen [Leuven], Masstrich, Achen [Aachen], Lütich [Lüttich], [Köln], Boon [Bonn], Koblenz, Bingen, Speyer, Sassbach, Freyburg [Freiburg im Breisgau], Basel, Zofingen, Alberswil und Willisau. ",,,, Antwerpen; Leuven; Masstrich; Aachen; Lüttich; Köln; Bonn; Koblenz; Bingen; Speyer; Sassbach; Freiburg im Breisgau; Basel; Zofingen; Alberswil und Willisau. ,,,,,,,,,,,,,,
367,222,10,125,Die,,,,,,,,,,,,,,,,,,
367,222,10,126,"Reise Kosten, Unterhalt und Zoll kam auf 271 franken 90 Pfund. ",,,,,,,,,,,,,,,,,,
367,222,10,127,"Mir wurden Gut empfangen sind im Schlüssel bei Schwager und Schwägerin abgestiegen, zalten das Kostgeld - Nachdem die Pferde beinahe 3 Wochen im Stall zur Verpflegung waren, wurden sie Billig verkauft, ",Schlüssel,,"Schwager, Schwägering",,,,,,,,,,,,,,,
367,222,10,128,"ein mal haben mir den Wagen kleine Kinder angefült und sind mit nach Alberswill ausgefahren, das war eine Freüde die haben gesungen und gelacht, alles Kinder von Geschwister, 10 an der Zahl. Zell und Etiswill [21]",,,,Alberswil; Zell; Etiswil,,,,,,,,,,,,,,
367,222,10,129,1822 den Februar sind mir nach Sursee gezogen ,,"2,1822",,,,,,,,,,,,,,,,
367,222,10,130,"Ein Naher Verwanter von Peyer hat uns zu einer Wirthschaft auf Sursee geholfen, zum Rössli [*174] das einem Gerichtschreiber Muggli [*175] gehörte, ",Rössli,,Verwandter,,,,,,,,,,,,,,,
367,222,10,131,"das kleine Geschäft war in keinem guten Ruef der frühere Wirth, hat sich Leibloss [*176] gemacht auf dem Estrich, ",Suizid,,Muggli,,,,,,,,,,,,,,,
367,222,10,132,"am ersten Abends in Sursee, bekam Heinrich einen Blutssturtz, vielleicht von der Anstrengung, in der Nacht, ohne Bekante und an einem fremden Ort, war das ein grosser Schrecken – ",,,Heinrich Peyer;,Sursee,,,,,,,,,,,,,,
367,222,10,133,Er war Gott sei Dank bald hergestelt von Herr Doktor Attenhofer Papa [*177]. ,,,Attenhofer Papa;,,,,,,,,,,,,,,,
367,222,10,134,"Die kleine Wirthschaft kam mir Komisch vor, gewohnt im Zirckel von gebildeten Menschen, und da kamen die Bauern. ",gebildete;,,Bauern; gebildete Menschen;,,,,,,,,,,,,,,,
367,222,10,135,"Sie forderten um ½ Batzen Suppen, haben selbst Brod eingeschniten. ",,,,,,,,,,,,,,,,,,
367,222,10,136,"Oft spazierte zum Thor hinaus, wo mir einen Garten hatten und dachte, wan nur die Post kommen würde [22] um mich nach Holland abzuhollen, ",,,,,,,,,,,,,,,,,,
367,222,10,137,"Heinrich war also auf dem Depot, Er sich mit Angaschieren der Soldaten abgeben ",,,Heinrich Peyer;,,,,,,,,,,,,,,,
367,222,10,138,"Da er immer Kränklete, war es wieder die Frau, die seine Stelle versehen hat",,,,,,,,,,,,,,,,,,
367,222,10,139,"Oft bin ich mit Rekruten, auf einem Berner Wägeli nach der Stadt, auf das Werb Büreau um den Rekrut zu bringen und meine 2 Luidor zu beziehen, die Heinrich zugekomen",,,Heinrich Peyer;,,,,,,,,,,,,,,,
367,222,10,140,"unsere Wirthschaft nahm zu, ",,,,,,,,,,,,,,,,,,
367,222,10,141,"xx die abgedankten Millitar von Holland kamen alle zu uns, bei der Durchreise [*178], ",,,,Holland,,,,,,,,,,,,,,
367,222,10,142,"an den Marcktagen wurde getantz, wegen der Werbung – ",,,,,,,,,,,,,,,,,,
367,222,10,143,"Einmal erhielt ich von Luzern einen Brief von Doktor Coragioni [*179], ich solle ein Diner bereit halten, in 2 Tagen für Ofizier die in Langenthal eine Versamlung hatten",,,Coragioni,Luzern; Langenthal,,,,,,,,,,,,,,
367,222,10,144,"Als so vielle Fuhrwercke vor der kleinen Wirth schaft stille halten, um zu Dinieren",,,,,,,,,,,,,,,,,,
367,222,10,145,"was gab das für eine Schalusi [*180] von den übrigen Gastwirthen, ",,,,,,,,,,,,,,,,,,
367,222,10,146,"und ich war in [23] grösster Verlegenheit, es fehlte so vielles um die Gäste anständig Bewirthen zu konen, ",,,,,,,,,,,,,,,,,,
367,222,10,147,"ich liess die Schussel [*181] vom Estrich herein fliegen, vom Storchen neben an kamen Sie zum Hausdach hinein es war etwas ausser ordentlich das Rössli so vielle Ofizier bewirthen konnte.-",Rössli,,,,,,,,,,,,,,,,,
367,222,10,148,"Einige Zeit vorher, verlohr ich die jüngste Schwester von Heinrich in Willisau ",,,Heinrich Peyer;,Willisau,,,,,,,,,,,,,,
367,222,10,149,"die mir noch Ihres kleine Mädchen Cathrina zircka 5 Jahre alt, auf meine Arme legte, mit dem Wunsche ich möchte es erziehen, ",,,Catharina Peyer,,,,,,,,,,,,,,,
367,222,10,150,"Sie selbsten starb im 28ten Jahr, Mein Mann Kränkelte immer, seit dem mir in Sursee waren",,,Heinrich Peyer; Schwester von Peyer,,,,,,,,,,,,,,,
367,222,10,151,"Das Haus wurde verkauft, als die 2 Jahre vorbei waren, mir machten ein Engaschement in das Bad Rothen, bei der brücken [*182]",Bad Rothen,,,,,,,,,,,,,,,,,
367,222,10,152,"2 Jahre sind mir dort gewesen und erfreuten uns zahlreicher Kundschaft, an Sontag. [24]",,,,,,,,,,,,,,,,,,
367,222,10,153,"wurde bei den Unter Thor [*183], mit Kreiden angeschriben – Heute im Rothen, Gesellschaft und Kegelbahn, ",,,,,,,,,,,,,,,,,,
367,222,10,154,"Mein wollte wieder Dienst nehmen, das Regiment Göldlin war ja aufgehoben, ",,,Herr Göldlin; Heinrich Peyer;,,,,,,,,,,,,,,,
367,222,10,155,"eine Werbung nach Neapel war offen, mehrer Ofizier von Luzern waren Placiert, ",,,,Neapel; Luzern,,,,,,,,,,,,,,
367,222,10,156,"aber für uns kam kein prevet., ob schon als proponiert, durch Intriegen fehl geschlagen, ",Intriegen,,,,,,,,,,,,,,,,,
367,222,10,157,"Da starb die Engelwirthin in Luzern184, der Gutshof 2 Herren Gebrüder Gloggner, die noch der Weinhandel185 dazu geführt. ",Engel,,Gebrüder Gloggner; Engelwirtin,,,,,,,,,,,,,,,
367,222,10,158,"Herr Korher Businger [*186], bei dem meine Schwester war Intressierte sich für uns, bei seinem Herr Gloggner und war noch Bürge für uns. ",,,Korher Businger; Herr Gloggner;,,,,,,,,,,,,,,,
367,222,10,159,So Bezogen wir die Wirthschaft zum Engel [*187].,Engel,,,,,,,,,,,,,,,,,
367,222,10,160,"Es gab vielle Gäste, permanent 2 Räthe, und beide vom Lande, vom Grossen Rath hatten wir bis 18 [25] im Logis, zugleich das Docktor Collegi [*190], den Trocken Bund [*191], das Capitel von",,,Arztkollegium; Trockenbund,,,,,,,,,,,,,,,
367,222,10,161,"den Geistlichen [*192] und so fort, dan an der Kost Apelationsgericht Richter Bühler [*194], Herr Winkler Johan [*195] , Land: Keller [*196], der Zeit Professor, Johan Bauman Dockter [*197] , Prof. Aebi [*198] , xx - - .",,,Richter Bühler; Johann Winkler; Keller; Johann Bauman; Aebi,,,,,,,,,,,,,,,
367,222,10,162,"Mein Mann kränklete abwessend im Bade oder Hergotswald, machte Er eine Kur, da mir Pferdt und Chuschen [Kutsche] hatten so profidierte Er selber, machte kleine",,,Heinrich Peyer; Johann Baumann,Hergotswald,,,,,,,,,,,,,,
367,222,10,163,Ausflüge. ,,,,,,,,,,,,,,,,,,
367,222,10,164,"Auf Anrathen vieller Gäste, machte beim Stadtrath die Anfrage, um durch zu brechen in das Nebethaus, da wir so wenig Pletze hatten und es wurde Erlaubt, mir mussten sellens verzinssen, aber es war hesend [*200]",,,Stadtrat; ,,,,,,,,,,,,,,,
367,222,10,165,"Leider troz der viellen Gäste, war die Wirthschaft nicht Rentabel, weil uns die Haus Eigenthümer mit Wein Handlung nur ein Batzen oder 10 lb [Pfund] Pro Mass bezalten, und zu dem noch Zins für den Stall bezallen [26]",economic wealth,,,,,,,,,,,,,,,,,
367,222,10,166,"Am Morgen 3 Uhr [*202] alte fasnacht rufte mir Peyer Er habe Durst, ich brachte Ihm Thee",,,Heinrich Peyer,,,,,,,,,,,,,,,
367,222,10,167,"Leütete der Magdt und wolte den Docktor hollen als ich zurück sanck und starb [*203], ",,,,,,,,,,,,,,,,,,
367,222,10,168,alles einen Augenblick und Pfarrer und Doktor zu stätt.-,,,,,,,,,,,,,,,,,,
367,222,10,169,Ich hatte eine unruhige Zeit durchgemacht. ,,,,,,,,,,,,,,,,,,
367,222,10,170,"Der Grosse Brand [*204], ",Brand von Luzern,,,,,,,,,,,,,,,,,
367,222,10,171,3 Tage war das Haus immer besetz. ,,,,,,,,,,,,,,,,,,
367,222,10,172,"Der Todt eines Gutten Freündes und mein Mann, alles dieses wirckte auch auf meine Gesundheit, Die unruhigen Zeiten, Oft ganze Nächte wurde wegen dem Zeug haus, durch Patroliert und bewacht.-",Tod; ,,,,,,,,,,,,,,,,,
367,222,10,173,"Mein Schwager in Willisau machte uns viel Verdruss, ",,,Thomas Peyer,Willisau,,,,,,,,,,,,,,
367,222,10,174,"Er war Oberist Gross Rath. Amtsschreiber und sonst in allen Ämtern, ",,,,,,,,,,,,,,,,,,
367,222,10,175,"leider durch zu grosse Ausgaben in den Haushalt machte Er schlechte Stückli, eine Untreüe im Staatt, Hinderschlagen Gültine und Schulden musste flüchten, wen nicht Eingezogen. [*205] [27] von der Regierung, ",Hinterziehung; Schulden,,,,,,,,,,,,,,,,,
367,222,10,176,"die nächsten Verwanten, machten eine Coleckte und spedierte Ihn fort, es geschah schon 1830. Laut Brieffen sehe man, was ich durch denselben zu bestreiten hate, bis Er eine Anstellung bekommen, ",,1830,,,,,,,,,,,,,,,,
367,222,10,177,"und wer war seine einzige Stütze, als ich die sein jüngster Bruder, nicht heirathen solte, weil ich zu Arm war und nicht vornehm genug.-",,,Heinrich Peyer,,,,,,,,,,,,,,,
367,222,10,178,Laut Beilage in Briefen.-,,,,,,,,,,,,,,,,,,
367,222,10,179,"Auch während dem grossen Brand in der Stadt, hatten wir vielle Gäste Spritzen und Lösch Anstalten Manschaft das ich oft nicht wo die Speise kochen, die man verlangte, ",Brand von Luzern,,,,,,,,,,,,,,,,,
367,222,10,180,"Am Abend als der Brand ausgebrochen, war gerade Grossen Rath, 2 Hern spielten, ",Brand von Luzern,,,,,,,,,,,,,,,,,
367,222,10,181,"ich sehe eine starcke Röthe und so fort fieng es zu Laüten an, da sprang ich eillends zur Gaserne [28] und weckte die Garnison auf, alle Gäste ein Gross RathsHerr Sattelte sein Pferdt und sprang nach nächsten Dörfer um feüer lärm zu Hilfe aufbiethen was gute Wirkung machte.-",Brand von Luzern,,,,,,,,,,,,,,,,,
367,222,10,182,Im gleichen Jahr ende September verheiratet [*207] mich mit Herrn Joseph Morel Tuchhandlung [...]208.,,,Joseph Morel,,,,,,,,,,,,,,,
367,222,10,183,"Bei der letzten Versamlung vom Trocken Bund209, waren die glieder alle in Schwarz gekleidet, und Herr Carl Meyer Buchhandlung - hielten eine feierliche Abdanks Rede wo Sie mir alle, Danck für die lange gute Bewirthung aussprachen, Er überreichte mir einen Grossen Silbernen Suppen oder Schöpf Löffel, gestemplet T. Bund Sept. 37. als Andenken, wircklich schön, es mich herzlich - Danckte allen höflich. ",,,,,,,,,,,,,,,,,,
367,222,10,184,"habe vielle im Engel [29] genossen, Theather besuchte ich es war eine Lieblings freüde, vor",Engel; Theater;,,,,,,,,,,,,,,,,,
367,222,10,185,"und nachher arbeiten, aber auch geniessen. ",,,,,,,,,,,,,,,,,,
367,222,10,186,"Als das Theather gebauet wurde [*210] habe auch eine Ackzien [*211] genommen so wie auch an den Grossen Leüchten im Saal, allein da kam nichts zu rück die Zeiten wurden schlechter es Rentierte nicht, ",Theater;,,,,,,,,,,,,,,,,,
367,222,10,187,"zwar solte ich später die Wirthschaft über nehmen aber die Wohnung für den Wirth, ganz oben im wie man sagte schreckte mich ab.- ",,,,,,,,,,,,,,,,,,
367,222,10,188,"Als am 1ten mal das Theather geöfnet und gespielt wurde, da kamen die Ackzioner erhielten die Logen zum voraus, aber bezalt, alles wolte in das KomedieHaus.",Theater;,,,,,,,,,,,,,,,,,
367,222,10,189,Als ich mich presentierte waren alle Namen bestelt bis an die grosse Loge mit 16 ich mietete selbe einzig für mich - [30],,,,,,,,,,,,,,,,,,
367,222,10,190,"jede wollte nicht so grosse Sume ausgeben mich schreckte es nicht ab, ",,,,,,,,,,,,,,,,,,
367,222,10,191,"habe unsere besten Bekanten Eingeladen und so in Beschlag in Mitte meinen Bekanten Platz genomen, vergnügt gewesen, Ob ich beneidet wurde ??? , ",,,,,sovereign,,,,control,,,,,,,,,
367,222,10,192,Das Jahr feierte ich im Hause Louis Morel und Comp.212 ,,,Louis Morel,,,,,,,,,,,,,,,
367,222,10,193,"in der die ersten Jahre ging es noch gut im Magazin, Morel war zu friden, es waren 3 Herren an der Kost die Geselschaftlich hielten, Morel das Abends die Hausthor nach 10 Uhr geschlossen würde, das convenierte unsern 2 jungen nicht",,,2 Jungen,,,,,,,,,,,,,,,
367,222,10,194,"der jüngere war ein Willisauer angenohmen als Knab, zum Lernen angehalten wurde Er in allem Gewant. ",,,,Willisau,,,,,,,,,,,,,,
367,222,10,195,"der ältere Junckers Sohn aus der Stadt, ohne Talent aber Geld, hielten zusamen, und wolten [31] nicht Gehorsam Leisten, ",,,,,,,,,,,,,,,,,,
367,222,10,196,"ob schon der Vatter des Altern, mich dringend gebethen, den selben Abends zu Hause behalten, weil Er zu leichtsinig sei, ",,,,,control,,,,,,,,,,,,,
367,222,10,197,"Morel wurde Krank, Er wurde mager und hatte geheimen Verdrus, mit seinem Schwager im Wallis [*214], wegen Erbe, Morel solte zahlen, und das Geschäft nahm ab, weil die jungen Herrn",,,Joseph Morel,,Wallis,,,,,,,,,,,,,
367,222,10,198,"nur für Sie hadleten, ein Prozes vom Schwager wurde angefangen. ",,,,,,,,,,,,,,,,,,
367,222,10,199,"Morel hatte vielle Gelder Auss stehend, die Tücher, wurden an schlechte Zahler im Berner Oberland verkauft, Oft refüsiert, der erste Komiss kam in das Zuchthaus ",Schulden,,Joseph Morel,,,,,,,,,,,,,,,
367,222,10,200,"und so gingen die Gescheft den Krebsgang, ",,,,,,,,,,,,,,,,,,
367,222,10,201,"im ersten Jahr nach der Heirath habe ein liebliches Mädchen [*215] von der Schwester aus dem Wallis mit gebracht, ",,,Jeanette,,Wallis,,,,,,,,,,,,,
367,222,10,202,"es wurde in die Schulle geschikt, zur Näherin Binz in allem unterrichtet und gebildet, es war mir eine grosse freüde, mit seinem Walleser Hüttchen. ",,,,,Binz,,,,,,,,,,,,,
367,222,10,203,"Die 2 Komis haben aufgekündet und sich Etablert, diese haben unserm Geschäft zum Dank",,,,,,,,,,,,,,,,,,
367,222,10,204,den Todes sturtz [*216] gegeben,Tod,,2 Buben,,,,,,,,,,,,,,,
367,222,10,205,der Jüngere hatte die Reisen für das unser Haus gemacht ,,,,,,,,,,,,,,,,,,
367,222,10,206,"und jetz für Sie, mir haben 2 andere angestelt, ",,,,,,,,,,,,,,,,,,
367,222,10,207,"aber Morel war Kranck eine Bade Kur nach Pfafers [*217] machen, ",,,Joseph Morel,Pfäfers,,,,,,,,,,,,,,
367,222,10,208,als Er in der Nacht starb den Tag war Er im Ganzen und am Morgen 5 Uhr eine Leiche am 19. Juni 1844 [*218].- ,,19.06.1844,,,,,,,,,,,,,,,,
367,222,10,209,"Man denke meinen Schrecken mein lieber Joseph so früh zu verlieren, ",,,Joseph Morel,,,,,,,,,,,,,,,
367,222,10,210,"Er war Jahre jünger als ich, ",,,,,,,,,,,,,,,,,,
367,222,10,211,"einige Wochen war das Magazin geschlossen, das Inventar gezogen [33]",,,,,,,,,,,,,,,,,,
367,222,10,212,"Meine Ansproche, musste zurück weil ich nicht in dem Firma Register eingetragen, ",,,,,,,,,,,,,,,,,,
367,222,10,213,Schwager und Schwester wolten nicht mit mir recht einstehen,,,Schwager Morel,,,,,,,,,,,,,,,
367,222,10,214,"Die Zeiten waren schlecht, SonderBunds Tage, und ich übernahm die Erbsschaft ",Sonderbund,,,,,,,,,,,,,,,,,
367,222,10,215,"und obwohl unser Comis flüchtig war, machte eine Reise nach Wallis, nach Genf, Basel und Arau [Aarau] bei 10 Gläubiger, machte die Oferte 50 Prozent in Jahres frist zu Bezahlen ",Schulden,,,"Wallis, Genf; Basel; Aarau",,,,,,,,,,,,,,
367,222,10,216,"und um mein Schwager zur Annahme der Erbschaft, oder zu 50 Prozent Creditoren zu bezahlen ",,,Schwager,,,,,,,,,,,,,,,
367,222,10,217,bei den Kaufheren war ich glücklich und man [*220]  unterzeichnete mir [*221] überall ,,,,,,,,,,,,,,,,,,
367,222,10,218,"einer seiner besten Freünde Morel selig war Unartig Er wollte 75 Prozent nicht weniger, ",,,Joseph Morel,,management;,,,,,,,,,,,,,
367,222,10,219,"Logierte im Rössli [*222] hielt ein Diner, mein Anwalt und und der vom Schwager, 2 Comis und spendete so viel Schampanier bis er und voll war, das Tisch Tuch samt Flaschen Gleser Teller alles unter den Tisch geworfen und mich so gequält und Morel selig sein bester Freund ",Rössli,,Joseph Morel,,,,,,,,,,,,,,,
367,222,10,220,"Mein Schwager überlebte den Tod meines Gatten kaum ein Jahr, ",Tod,,Schwager Morel,,,,,,,,,,,,,,,
367,222,10,221,mein Liebes Pflegkind Jeanette forderte Er mir wieder ab allem sträuben und Weinen nahm Er selbes fort nach Hause und durfte mir nicht mehr schreiben. ,,,Jeanette,,,,,,,,,,,,,,,
367,222,10,222,"An meine 6300 Gulden die ich Morel gelehnt, bekam ich am Ende den 3tel ",,,Joseph Morel,,,,,,,,,,,,,,,
367,222,10,223,"So wurde mir auch 2 Tausend Franken abgezogen, von dem so über die 50 bezalt wurde, weil mein Schwager nur zu 50 Akredur erlaubt und es einige nicht thun wolten.-",,,Schwager Morel,,,,,,,,,,,,,,,
367,222,10,224,"Als das Magazin zum Liquidiern übernommen, haben mir in 10 Monath Vom 17 October 44 bis 5 Augst 1845 für die Suma v. ... 224 Tuch verkauft",,,,,,,,,control,,,,,,,,,
367,222,10,225,vom Morgen bis Abend immer Arbeit ,,,,,,,,,,,,,,,,,,
367,222,10,226,"meine Nichte und ich waren allein, Comis war fort, ",,,,,,,,,,,,,,,,,,
367,222,10,227,"Als uns einige Resten gebliben, nicht verkauft werden konten, das das Asortiment fehlte, ",,,,,,,,,,,,,,,,,,
367,222,10,228,"machte ich wie ein Comis, eine Geschäft-Reise mit Muster für Circa 400 f[lorin] die ich bei Kundstamm verkaufte.-",,,,,,,,,control,,,,,,,,,
367,222,10,229,"ich war in Reiden, Damerselle [Dagmersellen], Sursee, Etiswill [Ettiswil] xx - wo man gewis erstaunt war ein solcher Comis zu sehen",,,,,,,,,,,,,,,,,,
367,222,10,230,"wollte eine Wirthschaft sehr rentabel im Schwitz [Schwyz] pachten, ",,,,,,,,,,,,,,,,,,
367,222,10,231,wurde für das Kalte Bad225 auf Rigi Angaschier über den Sommer das Geschäft zu Leiten,,,,Rigi,,,,,,,,,,,,,,
367,222,10,232,"nur mit einem einzigen Keller226, eine Köchin und 2 Zimmer ",,,,,,,,,,,,,,,,,,
367,222,10,233,"Ende 45 erhielt ich noch 5 Heiraths Anträge , ",,,,,,,,,,,,,,,,,,
367,222,10,234,"einen Luzerner, Wirth im Cant. Argau [Aargau] sehr [36] geachteter Mann, mit grosser Land- [Anbauer]227 Wittwer aber Protestant dito einer aus der Stadt Zürich, ein Reicher Mann, auch grosse Stief Kinder ",,,,,,,,,,,,,,,,,,
367,222,10,235,"ein 2ter von der Landschaft Zürich auch Gastgeber, aber ohne Geld.",,,,,,,,,,,,,,,,,,
367,222,10,236,"ferner ein alter Patrizier, gedienter Ofizier konte mich nicht entschliessen aus meiner lieben Heimath fort zu ziehen.-",,,,,,,,,,,,,,,,,,
367,222,10,237,und so kam keine Heirath zu stande,,,,,,,,,,,,,,,,,,
367,222,10,238,im 15. May 46 bin ich mit meiner lieben Nichte nach dem Kalt Bad gestiegen fand alles in grösster Unordnung wenig gute Betten und Liegen. ,Kaltbad,,,Rigi,,,,,,,,,,,,,,
367,222,10,239,"Habe vielle Gäste bekommen – die Kuche wurde beser, alles Rein gemacht, ",,,,,,,,,,,,,,,,,,
367,222,10,240,"da waren keine Feder Matraze und keinen Sopfa228  Kein Divan, keine Glocken Züge ",,,,,,,,,,,,,,,,,,
367,222,10,241,"ein Bett, ein tannernes Comodchen. Keins Tischli 2 Strohstepsel, ein paar Seegras [37] Gross Matrazen ",,,,,,,,,,,,,,,,,,
367,222,10,242,"xx 46.47.48.49. war ich alle Sommer oben,",,,,,,,,,,,,,,,,,,
367,222,10,243,"die Gäste nahmen immer zu, ",,,,,,,,,,,,,,,,,,
367,222,10,244,"im October gieng ich hinunter, wohnte in meinem Haus, wo ich der erste Etages vermiethet hatte. ",,,,,,,,,,,,,,,,,,
367,222,10,245,"Ich bekam die Gliedersucht, Schmerzen im Rücken, so dass ich Leidend wurde. ",,,,,,,,,,,,,,,,,,
367,222,10,246,Mehrere Mal musste Better vom Schweizerhof kommen lasen so auch Kellner229 die mir helfen solten.,,,,,,,,,,,,,,,,,,
367,222,10,247,"Oft mussten Bekante Gäste, in den Stall zum Schlaffen, im so genannten Esel Stall machten mir Better an den Boden, ",,,,,,,,,,,,,,,,,,
367,222,10,248,Bis ein Trauriges Ereignis alles entschieden. ,,,,,,,,,,,,,,,,,,
367,222,10,249,"Am 22 September 49 Mittags halb 12 Uhr es auf dem Dach zu brenen an ein Viertel vor 1 Uhr, war alles abgebrant, ",,,,,,,,,,,,,,,,,,
367,222,10,250,"es waren noch 6 Personen Gäste da 3 Personen Engländer, der Herr Pfarer ein [38] Damme von Zürich und ein Luzerner ",,,,,,,,,,,,,,,,,,
367,222,10,251,"in der Küche sahe man kein Feüer im Kamin es Entzündete sich auf dem Dach, vermuthlich von einem Funcken aus dem Kamin, bei dem Schindeldach, ",Brand im Kaltbad,,,,,,,,,,,,,,,,,
367,222,10,252,"Glück licher Weise habe am Tage vorher eine Schachtel mit dem Silberzeug Besteck x [etc.] noch hinunter Schweizerhof geschikt, ",,,,,,,,,,,,,,,,,,
367,222,10,253,"man flüchtete in aller eille etwas bergen und Bett und die Bücher und Kasen bestand samt einige BanckNoten habe Herrn Von Segesser230 überbracht, im selbes nach der Kapelle zu bringen, ",,,,,,,,,,,,,,,,,,
367,222,10,254,"eine Koffer von mir, die mit Kleider gefült wurde, habe einem Knecht übergeben solle sie vor dem Hause absetzen, kam Nie zum Vorschein Er hat selbe im Gang abgestellt und ist leider verbrant, ",,,,,,,,,,,,,,,,,,
367,222,10,255,"Als das Feüer auf dem 2ten Boden war, erinnerte mich, das noch das Trinckgeld von den Diensten im Bureau vom Schlafzimmer zurück sein, ein Knecht und [39] Im Speise Saal, wo Hr Segesser Potografie blieb ein schönes Kästch. ein Nessesaire stehen, nebst Potografie [*231]",Brand im Kaltbad,,,,,,,,,,,,,,,,,
367,222,10,256,"meine Nichte sind durch das Fenster eingestiegen, da Schlafzimmer Partere war und brachten mir noch zircka 4 bis 450 Franken",,,,,,,,,,,,,,,,,,
367,222,10,257,"während dem in der mein Regen und Sonnenschirm, nebst eine Geschmuck das ich täglich tragte, da bei zuruck geblieben und verbrante, ",,,,,,,,,,,,,,,,,,
367,222,10,258,"auf dem Stafel [Rigi-Staffel] sind mir über Nacht gewesen,",,,,Rigi,,,,,,,,,,,,,,
367,222,10,259,"Der Brand hat mich so starck angegrifen und nieder geschlagen, das ich immer nur weinte- ",Brand im Kaltbad,,,,,,,,,,,,,,,,,
367,222,10,260,"Zu Hause angekommen, 4 Wochen das Bett hüthen, im Schlaff, sehe ich den schrecklichen Brand imer.",Brand im Kaltbad,,,,,,,,,,,,,,,,,
367,222,10,261,"später wurde mir der Adler in Arth von Herr Kammer angetragen in Pacht zu nehmen, weil letzteren nach Kalufornie [Kalifornien] ",,,,,,,,,,,,,,,,,,
367,222,10,262,"ich hate, Mir haben das Inventar nach gesehen, und wolten mich zur der Wirthschaft ein finden, ",,,,,,,,,,,,,,,,,,
367,222,10,263,"da konte mein Anwalt zur bestirnten Zeit sich nicht einfinden, und unter der Zeit [40] presentierte sich etwas in meinen Augen vortheilhafter. ",,,,,,,,,,,,,,,,,,
367,222,10,264,"Noch habe vergessen, das ich Ano 1748232 Winter in Sursee bei der Sonne die Wirthin war, ",,,,,,,,,,,,,,,,,,
367,222,10,265,"Nach dem Einzug der Eidgenossen, wurde Herr Edward Schnider233 Gastgeber dort in die Regierung gewählt, die Frau wollte die Wirthschaft nicht besorgen und so bin ich dazu aufgefordert, von der Schwester des obigen die in meinem Hause wohnte. ",,,,,,,,,,,,,,,,,,
367,222,10,266,"Meine liebe Nichte und ich wurden abgeholt, man über gab mir Keller, Schlüssel xx [etc.] ohne Irgend eine Responsalitet, liess mich schalten und walten, bis der Neüe Pächter anlangte, mir hatten noch die Ablage der Post, aber die Wirthschaft nicht Bedeütet",,,,,,,,,,,,,,,,,,
367,222,10,267,hatte noch meine liebe Nichte starck Kranck. ,,,,,,,,,,,,,,,,,,
367,222,10,268,"Aprill wieder zu Hause und nur 10 Tage Zeit, für die Rigi zu Besteigen im 12 May 49- Also der letzte Sommer [41]",,,,Rigi,,,,,,,,,,,,,,
367,222,10,269,"Wie früher bemerkt, bei der Unterhandlung nach Arth, habe Herr von Segesser angezeit ich entsage der Stellung auf Rigi Kalt Bad234",Kaltbad,,,Rigi,,,,,,,,,,,,,,
367,222,10,270,"Wurde Angefragt ob mir die Stelle der Hausfrau nicht Conveniere im Schweizerhof, die ich übernomen und im Marz 1850 mit 2 Nichten von mir bezogen",,,,,,,,,,,,,,,,,,
367,222,10,271,"11 Jahre lang genoss ich das Zutraun des Herrn, die Achtung und Liebe meiner Untergebenen, ",,,,,,,,,,,,,,,,,,
367,222,10,272,"das Geschäft kam mehr in Aufruhr, es wurde vergrössert 2 Depandansen an die Seite gebaut, die Einnahmen waren günstig ",,,,,,,,,,,,,,,,,,
367,222,10,273,Meine jüngere Nichte verheirathet sich und wurde Wirthin.- ,,,,,,,,,,,,,,,,,,
367,222,10,274,"Leider starb Sie an Kindbeth im ersten Jahr, ",,,,,,,,,,,,,,,,,,
367,222,10,275,"es gab viel Arbeit vielles zu Überwachen, leider konte nicht viel Erüberigen, ",,,,,,,,,,,,,,,,,,
367,222,10,276,"ich musste an die Zukunft denken, eine Ansehnliche Geld [42] musste dem Armen und Weisen Antheil hinterlegen, ",,,,,,,,,,,,,,,,,,
367,222,10,277,"für die Verwanten vom 1ten Man Heinrich Peyer von Willisau, die ich bey Morel eingebüst, bei der fatalen Liquidazio, und dem Wohlfeillen Haus verkauf -, ",,,Heinrich Peyer; Joseph Morel,Willisau,,,,,,,,,,,,,,
367,222,10,278,wurde auch oft heim gesucht für Gevatterschafte und Unterstützung aller Arth die meine Kase erschöpfte ,economic trouble,,,,,,,,,,,,,,,,,
367,222,10,279,"Nebst den Arbeiten, die mir und meiner Nichte oblagen, hatten mir noch einen kleinen Mouslin Handel in Broderie zu, der unss Herr Oberst aufmuntert. ",,,,,,,,,,,,,,,,,,
367,222,10,280,"Wan alles für das Haus abgethan war haben mir noch unsere Schachtel in Ordnung gebracht, um selbe den Fremden in die Zimer zu bringen, sie mussten angeschriben werden und Notiert, ",,,,,,,,,,,,,,,,,,
367,222,10,281,"oft arbeiteten mir bis 1-2 Uhr morgens, ",,,,,,,,,,,,,,,,,,
367,222,10,282,wir hatten Zuspruch den in den Coridor war überall angeschriben Broderie Suisse in der Lingerie zu verkaufen. — [43],,,,,,,,,,,,,,,,,,
367,222,10,283,"Im Jahre 58 wurde mit dem St Helenen Medalion236 beehrt, durch Herr Bundes Rath Knüsel237 zugeschikt, nach her in einer Zeitung veröfentlich wie folget. ",,,,,,,,,,,,,,,,,,
367,222,10,284,"Tagblatt vernimt ist auch Frau Morel im Schweizerhof in Luzern, für an den französischen Feldzügen, mit der St Helena Medaille beehrt worden. Diese würdige Veteranin theilte in den Jahren 1810 bis 13 mit ersten Mann, Peyer von Willisau alle Gefahren und Strapatzen des Kriegs lebens und war zuletz Zeuge des entsetzlichen Rückzuges der französischen Arme aus Russland. Jetz in ihrem vorgerückten Alter ist Sie noch ein seltenes Beispiel von Energie und Rustigkeit.",Krieg; Helen Medaille;,,Katharina Morel; Heinrich Peyer;,Russland; Luzern; Willisau;,,,,,,,,,,,,,,
367,222,10,285,"Nach dem mir 2 schöne Depandansen alles auf das Beste eingerichtet, sich grossen Zuspruch die Gross Beleüchtung ein-[44] gerichtet, kam es Herr Oberst Segesser in Gedanken, das Prachtvolle Etablissement zu verkaufen, nach dem Er hie und da nicht ganz Wohl war. ",,,,,,,,,,,,,,,,,,
367,222,10,286,"Im Februar 1861238 geschah es, solte Mitte März angetretten werden. Mir wurde es frei gestelt zu bleiben",,,,,,,,,,,,,,,,,,
367,222,10,287,"Allein ich wurde Kranck, im April den 20 fuhr ich auf die Lüzelmat239 wo ich gewirthet habe. ",,,,,,,,,,,,,,,,,,
367,222,10,288,Nach dem das Inventar im Schweizerhof gezogen war. ,,,,,,,,,,,,,,,,,,
367,222,10,289,"In meiner Neüen Wohnung hate, so fort Gäste bekommen auch für meine Gesundheit war es gut. ",,,,,,,,,,,,,,,,,,
367,222,10,290,"es war eine Wohlthat für mich, in eine freie Gegend, mit der gleichen Aussicht profidieren zu können. ",,,,,,,,,,,,,,,,,,
367,222,10,291,"Einige Zeitt nach her bin ich mit unsern Sachen zu seinem Neü gekauften Etablissement gefahren und half dasselbe einrichten 3 Wochen bin ich dort geblieben, ",,,,,,,,,,,,,,,,,,
367,222,10,292,"nach dem Er mich zum [Arosieren]240 angefragt [45] was mir nicht Convenirte, ",,,,,,,,,,,,,,,,,,
367,222,10,293,"auf dem Herbst wurde der Hof samt zubehor verkauft und ich kam in die Pension wo Madame Vorley241 eine Engländer an gesiedlet war, ",Pension Morel,,,,,,,,,,,,,,,,,
367,222,10,294,"diese kleine mit der wundervollen Aussicht, gehört meinem Herrn vom Schweizerhof242. ",,,,,,,,,,,,,,,,,,
367,222,10,295,"Er versprach mir, wan ich noch fort arbeiten wolle, alles schön einzurichten, da köne auf seinem Namen oder meinem Eigenen die Wirthschaft fort führen, wählte das letztere und bezog ende October das kleine Häuschen.",,,,,,,,,,,,,,,,,,
367,222,10,296,Nach dem man mir die Pension am See Zurgilgesche Haus243 oferert hat.- ,Pension Morel,,,,,,,,,,,,,,,,,
367,222,10,297,leider war die Pension Morel [*244] ein kleines Geschäft. ,Pension Morel,,,,,,,,,,,,,,,,,
367,222,10,298,"Nur Gastzimmer mit 16 Betten - um etwas zu profidiern viel zu klein, doch in den ersten Jahren war das Geschäft noch gut, die Gäste [46] begnüten sich mit kleine Zimmer [*245] und noch Aussert dem Hause in der Nachbarschaft zu schlaffen, ",,,,,,,,,,,,,,,,,,
367,222,10,299,"was später nicht der Fall war, da sind nun über al Balcon, Grosse allen Luxus Mobillien, nicht wie zu meiner Zeit im Kalten Bad auf Rigi, ein Bett, mit hölzer oder tanener Bettstadt, dito kleine Tischli, 2 das war die Zierde vom Zimmer.– ",,,,Rigi,,,,,,,,,,,,,,
367,222,10,300,"Indessen war meine Pension mit honetten Noblen Herschaften an gefült, Oft die gleichen Gäste eine familie nur 3 Personen kamen schon im May, und blieben bis mitte Augsten, das Haus war gar nicht als Pension eingerichtet, kleine Kuche xx [etc.] ",Pension Morel,,,,,,,,,,,,,,,,,
367,222,10,301,"Nur die herliche Aussicht war unbezahlbar das auch die Ursache, das ich so lange bleibe246, die gesunde Lage, Nähe der Stadt [47]",,,,,,,,,,,,,,,,,,
367,222,10,302,"Herr Segesser versprach mir, vielles zum Vortheil zu verändern, ein paar Zimer die Küche verändern, leider nichts gemacht, ",,,,,,,,,,,,,,,,,,
367,222,10,303,"Er Baute in Geselschaft seiner Brüder, das Grosse Hotel Nacional ",,,,,,,,,,,,,,,,,,
367,222,10,304,"während derselben Zeit versprach Er wan der Bau fertig sei, wolle Er bei mir anfangen zu Bauen",,,,,,,,,,,,,,,,,,
367,222,10,305,"Nach dem Er, von einer Reise zurück gekommen, es war 69 am 25 November am Catharinenfest sagte er mir, der Bau sei bald zu Ende und ich müsse nochmals zu Ihm kommen, meine Antwort ich sei zu Alt. ",,,,,,,,,,,,,,,,,,
367,222,10,306,"Da sagte Er wan Sie nur da sind, bin schon zufrieden. ",,,,,,,,,,,,,,,,,,
367,222,10,307,Leider starb Er plötzlich im 69,,,,,,,,,,,,,,,,,,
367,222,10,308,Der Nacional wurde Eröfnet ein paar Tage nach der Kriegs Erklärung von Frankreich ,Krieg,,,,,,,,,,,,,,,,,
367,222,10,309,"70 und 71 war ich die Direcktorin, leider war es nicht [48] der beste Zeitpunkt für Geschäfte zu in solchen wie im Jahr 70 und im 3 Jahr meiner Anstellung wurde ich Kranck, so das ich meinem Geschäfte nicht vorstehen konte, ein starcker Lungen Kathar hielt mich im Bette ",,,,,,,,,,,,,,,,,,
367,222,10,310,doch Gott sei gedanckt ich wurde wieder hergestelt *249 Gottes Hilfe und meines guten Artzes Herr Doktor Steiger250 * fahre in meinem kleinen Geschäften fort ,,,,,,,,,,,,,,,,,,
367,222,10,311,"glaube das ich viel geleisttet in meinem Leben und doch kan ich nicht ganz Ruhig sein, das heisst ohne Beschäftigung Leben.-",,,,,,,,,,,,,,,,,,
367,222,10,312,"die Gotthardt Bahn, durch unseren Garten, der eingang oben beym Haus, und die Aussfahr unten an der Strasse, neben Hotel Baeu Rivages251 [49] heraus, wo der Banhhof hingestelt wurde, so haben die Ingeneur aussgesteckt.252",,,,,,,,,,,,,,,,,,
